frame_id,scan_type,valid_points_count,global_mean_distance,global_std_distance,global_mean_rssi,global_std_rssi,near_points_ratio,dist_range_mm,ch_0_mean_dist,ch_0_std_dist,ch_0_mean_rssi,ch_8_mean_dist,ch_8_std_dist,ch_8_mean_rssi,ch_15_mean_dist,ch_15_std_dist,ch_15_mean_rssi,is_wet
0,WET,576,1401.8038194444443,2642.4506134456515,127.16145833333333,68.73959497493209,0.875,26485.0,975.2777777777778,26.500254566012988,198.0,578.6111111111111,9.493690469472803,187.05555555555554,3869.6388888888887,5024.431084512542,89.47222222222223,1
1,WET,576,1406.2413194444443,2661.0818091313777,126.63368055555556,68.89512090899197,0.8767361111111112,26496.0,975.7222222222222,26.541192901505404,198.19444444444446,578.4444444444445,9.345570209445892,188.58333333333334,3776.5833333333335,5070.378753815425,93.0,1
2,WET,576,1454.236111111111,2732.588281297583,127.07986111111111,68.94238645405822,0.8680555555555556,26482.0,975.3888888888889,26.426477823552844,197.86111111111111,578.5833333333334,9.433602553789148,187.05555555555554,3826.3333333333335,5044.201451737856,88.05555555555556,1
3,WET,576,1468.8090277777778,2751.71269425499,127.80729166666667,69.10581672453435,0.8645833333333334,26484.0,975.6111111111111,26.228967386436132,198.11111111111111,578.8055555555555,9.127100758399036,188.58333333333334,3872.277777777778,5142.6801773345005,89.0,1
4,WET,576,1422.7239583333333,2564.823254790647,127.37326388888889,69.08208619028949,0.8697916666666666,16191.0,975.6666666666666,26.79765448158263,196.61111111111111,578.5833333333334,9.240825566087542,186.97222222222223,3482.3611111111113,3675.034477216528,90.88888888888889,1
5,WET,576,1409.5208333333333,2623.174067906702,127.81076388888889,69.18619670638249,0.8697916666666666,26481.0,975.3333333333334,26.165407916341977,196.55555555555554,578.4444444444445,9.175882812940966,187.13888888888889,3820.0,5167.940462947636,87.25,1
6,WET,576,1457.4565972222222,2766.4700466387726,127.53993055555556,68.87432044428347,0.8697916666666666,26488.0,975.5,26.10801737835662,197.91666666666666,577.9166666666666,8.816785938521718,188.41666666666666,3827.0555555555557,5045.777249737473,89.08333333333333,1
7,WET,576,1457.4565972222222,2766.4700466387726,127.53993055555556,68.87432044428347,0.8697916666666666,26488.0,975.5,26.10801737835662,197.91666666666666,577.9166666666666,8.816785938521718,188.41666666666666,3827.0555555555557,5045.777249737473,89.08333333333333,1
8,WET,576,1438.314236111111,2683.023296699205,127.84895833333333,68.88761302354435,0.8697916666666666,26492.0,975.3888888888889,26.435125742388156,196.38888888888889,578.25,9.14447530323247,188.58333333333334,3723.75,5093.607620621865,86.22222222222223,1
9,WET,576,1424.2552083333333,2693.4789292215323,127.04340277777777,68.97430473314758,0.875,26492.0,976.1666666666666,26.78112341610358,197.94444444444446,578.2777777777778,9.110782030448824,188.30555555555554,3703.6944444444443,4895.328617712688,88.58333333333333,1
10,WET,576,1469.517361111111,2784.0304172695246,127.57638888888889,68.83538433799784,0.8697916666666666,26485.0,975.5555555555555,26.90028618482333,197.94444444444446,578.6388888888889,9.734042700830281,187.16666666666666,3775.527777777778,5069.313464287482,90.13888888888889,1
11,WET,576,1405.7934027777778,2567.564822025668,128.26041666666666,68.7932053318232,0.8645833333333334,26484.0,975.1388888888889,26.625608272357198,198.02777777777777,578.25,9.317801702731636,187.0,3551.3611111111113,4707.172333807074,93.41666666666667,1
12,WET,576,1388.279513888889,2644.8634442794723,126.61805555555556,69.16905081511224,0.8819444444444444,26480.0,975.5277777777778,26.212849750904464,196.47222222222223,578.4722222222222,9.415750060741267,186.91666666666666,3775.8888888888887,5069.140917793117,88.0,1
13,WET,576,1424.6996527777778,2689.8567434747424,127.07986111111111,69.15743319880646,0.8732638888888888,27053.0,975.5,26.192147132844443,198.16666666666666,579.0833333333334,9.54500617376138,188.66666666666666,3820.5833333333335,5169.222845015348,86.94444444444444,1
14,WET,576,1474.9427083333333,2782.6329704892405,127.84201388888889,68.91105659431041,0.8680555555555556,26493.0,975.5277777777778,26.327048677424745,198.25,578.9166666666666,9.366734451542559,186.91666666666666,3777.0833333333335,5070.513833499943,89.05555555555556,1
15,WET,576,1440.5711805555557,2735.1221385870294,127.24479166666667,69.0214651140091,0.8715277777777778,26482.0,975.6666666666666,26.1741420926401,198.02777777777777,578.75,9.378927748644069,188.27777777777777,3871.6944444444443,5144.458804352752,87.91666666666667,1
16,WET,576,1440.5711805555557,2735.1221385870294,127.24479166666667,69.0214651140091,0.8715277777777778,26482.0,975.6666666666666,26.1741420926401,198.02777777777777,578.75,9.378927748644069,188.27777777777777,3871.6944444444443,5144.458804352752,87.91666666666667,1
17,WET,576,1392.923611111111,2616.8242344540167,127.57638888888889,68.98621841646577,0.875,26483.0,975.1944444444445,26.89218627296194,198.22222222222223,578.1111111111111,9.016739283221364,187.22222222222223,3457.3611111111113,4748.008160739031,88.02777777777777,1
18,WET,576,1448.7465277777778,2731.2930453616145,127.61458333333333,68.8974988144123,0.8680555555555556,26488.0,975.0277777777778,26.28795064675733,197.91666666666666,578.6666666666666,9.537894346837179,187.19444444444446,3550.8888888888887,4707.01296716037,90.30555555555556,1
19,WET,576,1482.0086805555557,2774.5952629507133,127.24131944444444,68.9222772882063,0.8628472222222222,26483.0,975.6111111111111,26.775551511223046,198.08333333333334,578.6388888888889,9.902821467434066,186.86111111111111,3868.9444444444443,5024.376049077107,92.33333333333333,1
20,WET,576,1455.763888888889,2731.357295085762,128.08159722222223,68.96694514366197,0.8680555555555556,26492.0,975.4166666666666,26.10350277535291,198.08333333333334,578.5555555555555,9.38218507733656,188.5,3828.222222222222,5046.5663580645805,89.22222222222223,1
21,WET,576,1415.5902777777778,2623.2601718758137,128.1875,68.79417457067939,0.8697916666666666,26481.0,975.25,25.939903072844572,198.19444444444446,578.5277777777778,9.40056567024745,187.13888888888889,3775.277777777778,5068.37126056494,87.94444444444444,1
22,WET,576,1429.5694444444443,2704.5457859633125,126.94618055555556,69.2332176264533,0.8715277777777778,26478.0,976.1388888888889,27.015501135224227,198.19444444444446,578.4166666666666,9.490973154981075,187.22222222222223,3776.1666666666665,5069.418188651295,87.22222222222223,1
23,WET,576,1424.5885416666667,2658.1450584726554,126.92361111111111,69.11324039625828,0.8663194444444444,26482.0,975.1111111111111,26.265433860361338,198.05555555555554,578.3888888888889,9.345060659522693,188.52777777777777,3509.25,4725.839253508312,87.47222222222223,1
24,WET,576,1424.5885416666667,2658.1450584726554,126.92361111111111,69.11324039625828,0.8663194444444444,26482.0,975.1111111111111,26.265433860361338,198.05555555555554,578.3888888888889,9.345060659522693,188.52777777777777,3509.25,4725.839253508312,87.47222222222223,1
25,WET,576,1451.5208333333333,2743.490848856693,126.94618055555556,68.95879067820675,0.8697916666666666,26483.0,975.25,26.2018265448368,198.19444444444446,577.9722222222222,9.144822457422439,187.05555555555554,3872.1944444444443,5144.228359846981,87.80555555555556,1
26,WET,576,1412.814236111111,2678.7397544533883,127.171875,69.10956458637044,0.875,26486.0,975.6944444444445,26.47674930893621,196.55555555555554,578.3333333333334,9.597618752288804,188.47222222222223,3871.4444444444443,5144.315694847465,88.94444444444444,1
27,WET,576,1412.814236111111,2678.7397544533883,127.171875,69.10956458637044,0.875,26486.0,975.6944444444445,26.47674930893621,196.55555555555554,578.3333333333334,9.597618752288804,188.47222222222223,3871.4444444444443,5144.315694847465,88.94444444444444,1
28,WET,576,1426.9375,2725.8515144322587,126.89756944444444,69.15498089784487,0.875,26496.0,975.9722222222222,26.618453439147505,198.5,578.4166666666666,9.565936590692145,188.72222222222223,3849.222222222222,5240.357562015952,90.72222222222223,1
29,WET,576,1450.0121527777778,2714.6853603604022,127.640625,68.65587760829317,0.8697916666666666,26495.0,975.3611111111111,27.13790472781333,197.08333333333334,578.3055555555555,9.16458850902115,188.88888888888889,3828.5833333333335,5046.387405857779,95.08333333333333,1
30,WET,576,1396.8645833333333,2612.3991339637496,128.30729166666666,68.65332355917292,0.8715277777777778,26486.0,975.0,26.61793165732991,198.55555555555554,578.4166666666666,9.5150257112482,189.27777777777777,3828.1111111111113,5045.370912474567,92.5,1
31,WET,576,1430.5034722222222,2670.433449001023,128.18229166666666,68.81095605008001,0.8715277777777778,26493.0,975.2222222222222,27.00064667068033,198.63888888888889,578.0,9.40516575383671,188.94444444444446,3776.277777777778,5071.089156672424,90.72222222222223,1
32,WET,576,1414.0347222222222,2657.530025996347,128.17708333333334,68.7213316174158,0.8732638888888888,26489.0,975.8055555555555,26.9197956311967,198.38888888888889,578.2222222222222,9.109213894611202,187.66666666666666,3766.277777777778,5073.489008624629,93.47222222222223,1
33,WET,576,1403.0729166666667,2622.264425435654,128.62673611111111,68.90821124399493,0.8715277777777778,26485.0,975.75,26.88640123610022,198.72222222222223,578.2222222222222,9.236916959713069,189.22222222222223,3458.277777777778,4748.258890589634,92.94444444444444,1
34,WET,576,1408.2864583333333,2686.2249855791965,127.72743055555556,69.03811103544476,0.8784722222222222,26493.0,975.4166666666666,27.060118255469618,198.61111111111111,578.3611111111111,9.1780881226594,189.0,3849.222222222222,5240.730991057919,91.08333333333333,1
35,WET,576,1441.2378472222222,2734.2684682152044,128.05208333333334,69.02516194671935,0.8715277777777778,26489.0,975.4722222222222,26.719159643661925,196.83333333333334,578.25,9.436630754670864,187.30555555555554,3872.972222222222,5145.674935522404,92.55555555555556,1
36,WET,576,1441.2378472222222,2734.2684682152044,128.05208333333334,69.02516194671935,0.8715277777777778,26489.0,975.4722222222222,26.719159643661925,196.83333333333334,578.25,9.436630754670864,187.30555555555554,3872.972222222222,5145.674935522404,92.55555555555556,1
37,WET,576,1398.9496527777778,2618.4501517344065,127.48263888888889,68.91434682699837,0.8767361111111112,26485.0,975.3055555555555,25.796809818762412,198.16666666666666,578.0833333333334,9.583840566286565,188.77777777777777,3776.1111111111113,5068.939397534066,89.30555555555556,1
38,WET,576,1423.921875,2673.4619862942454,128.35763888888889,68.91536080973722,0.8697916666666666,26486.0,974.3888888888889,25.947505002851734,198.36111111111111,578.5,9.622889378975527,188.77777777777777,3869.6666666666665,5024.108813653281,92.05555555555556,1
39,WET,576,1450.3350694444443,2685.4370882115923,128.28472222222223,68.85992859849264,0.8628472222222222,26478.0,975.9722222222222,26.888644561398152,198.05555555555554,578.5833333333334,9.296312633051267,188.69444444444446,3509.1388888888887,4725.277988211172,91.19444444444444,1
40,WET,576,1421.0277777777778,2684.15926003957,127.36458333333333,69.02620574095795,0.8715277777777778,26489.0,975.3055555555555,26.873055485208805,196.63888888888889,579.0555555555555,9.441381389377431,188.61111111111111,3551.3055555555557,4706.810147128426,91.44444444444444,1
41,WET,576,1423.2465277777778,2719.145809946909,127.21527777777777,68.99453110316108,0.8784722222222222,26476.0,975.5,26.727727710589775,198.05555555555554,578.5277777777778,9.51535934644948,188.80555555555554,3775.8611111111113,5068.28947844355,88.97222222222223,1
42,WET,576,1452.5364583333333,2768.278358761535,126.71006944444444,69.14204608988064,0.8732638888888888,26483.0,975.4722222222222,26.47854777104462,198.19444444444446,578.8055555555555,9.510353589474233,188.61111111111111,3775.8888888888887,5069.281345391096,90.25,1
43,WET,576,1438.2135416666667,2725.5641836747327,127.27430555555556,69.03386673555373,0.8715277777777778,26484.0,975.6944444444445,26.749439988204234,198.02777777777777,578.0833333333334,9.287087810503357,187.22222222222223,3827.8611111111113,5045.316652403086,87.36111111111111,1
44,WET,576,1442.560763888889,2728.282794492612,127.87152777777777,69.15685790207733,0.8732638888888888,26492.0,975.6944444444445,26.53495747601583,196.63888888888889,578.3055555555555,9.428890086005259,187.11111111111111,3724.1666666666665,5092.911255573069,90.02777777777777,1
45,WET,576,1388.4600694444443,2600.5817254809645,127.17881944444444,69.1925476377788,0.8732638888888888,26486.0,975.2222222222222,26.792441483278836,198.0,578.2777777777778,9.397905879536937,187.08333333333334,3827.777777777778,5045.902774167295,88.97222222222223,1
46,WET,576,1453.1944444444443,2742.0425654867863,127.57986111111111,68.88257830848926,0.8680555555555556,26485.0,975.0555555555555,26.922050913643734,198.0,578.8888888888889,9.510228411791404,188.5,3767.8611111111113,5191.705165262745,85.41666666666667,1
47,WET,576,1450.032986111111,2732.1204544696343,127.37326388888889,69.29404370877555,0.8697916666666666,26486.0,975.6388888888889,26.1928591989472,198.11111111111111,578.4444444444445,8.916900308465443,187.11111111111111,3724.6944444444443,5093.123850949543,88.66666666666667,1
48,WET,576,1418.5052083333333,2671.244765496995,127.37847222222223,69.06246534759758,0.8732638888888888,26485.0,975.75,26.30195538629889,196.5,578.7777777777778,9.33231286938364,186.97222222222223,3827.5555555555557,5044.894264470025,88.77777777777777,1
49,WET,576,1429.670138888889,2679.8165960404585,127.56076388888889,68.99378335098852,0.8715277777777778,26491.0,975.9444444444445,26.86042701973555,198.08333333333334,578.4722222222222,9.373171779411129,188.44444444444446,3724.277777777778,5092.9925113468325,86.11111111111111,1
50,WET,576,1392.173611111111,2629.4003021650865,127.13541666666667,68.94083913918713,0.8784722222222222,26478.0,975.2222222222222,26.75615935615692,198.13888888888889,578.8055555555555,9.337541568297437,188.5,3810.25,5169.968070501016,89.72222222222223,1
51,WET,576,1396.9149305555557,2609.813348354495,127.42881944444444,69.10603619716635,0.8715277777777778,26491.0,975.8333333333334,26.07845306542768,198.02777777777777,578.0555555555555,8.88319261927327,187.02777777777777,3509.8611111111113,4728.112780578846,87.30555555555556,1
52,WET,576,1463.4427083333333,2776.222684251211,126.84722222222223,68.96620745018338,0.8697916666666666,26491.0,976.1388888888889,26.773283888210837,198.13888888888889,578.7222222222222,9.569627880841438,188.75,3775.8611111111113,5070.408905194237,87.55555555555556,1
53,WET,576,1414.7222222222222,2649.315755987353,127.53472222222223,68.96040159984372,0.8732638888888888,26480.0,975.5277777777778,26.26185295509288,198.08333333333334,578.1111111111111,9.51323222157366,188.61111111111111,3385.1111111111113,4555.37289537015,90.91666666666667,1
54,WET,576,1445.359375,2729.1841718934065,127.60069444444444,69.03491668525405,0.8715277777777778,26482.0,975.6388888888889,26.306058810827786,198.36111111111111,578.3055555555555,8.785765905126459,188.58333333333334,3723.6111111111113,5092.973424394369,86.30555555555556,1
55,WET,576,1434.5277777777778,2716.4421870303804,127.49479166666667,68.89819865880979,0.8715277777777778,26477.0,975.0277777777778,26.552897190445137,196.30555555555554,578.5277777777778,9.446045615906042,187.0,3457.5,4747.395385140903,91.66666666666667,1
56,WET,576,1392.1180555555557,2615.0425420018605,127.75520833333333,68.7613183154917,0.8767361111111112,26488.0,975.5833333333334,26.02018447282801,198.0,578.0277777777778,9.234983521096321,187.13888888888889,3724.027777777778,5093.05709757964,88.88888888888889,1
57,WET,576,1415.8958333333333,2618.707600342915,127.54513888888889,68.81434900620201,0.8715277777777778,26485.0,975.5833333333334,26.449277602881438,198.27777777777777,578.5,9.682089502935673,188.75,3724.8333333333335,5092.949936642109,87.55555555555556,1
58,WET,576,1385.204861111111,2595.0675006696697,127.32291666666667,68.88564821776698,0.875,26482.0,975.6388888888889,26.978459955811072,198.0,578.3888888888889,9.231244391514775,188.47222222222223,3457.5833333333335,4746.544971269705,91.88888888888889,1
59,WET,576,1373.982638888889,2559.978781320209,127.86458333333333,68.88969944849642,0.875,26487.0,975.4444444444445,26.447192067476053,198.33333333333334,578.9166666666666,9.330058949438637,188.47222222222223,3509.222222222222,4726.75239830908,89.66666666666667,1
60,WET,576,1434.626736111111,2699.915722947902,126.81423611111111,68.99621471178953,0.8715277777777778,26485.0,975.1944444444445,25.79680981876241,197.88888888888889,579.0277777777778,9.44302043419556,188.63888888888889,3406.527777777778,4770.340374115943,89.58333333333333,1
61,WET,576,1434.626736111111,2699.915722947902,126.81423611111111,68.99621471178953,0.8715277777777778,26485.0,975.1944444444445,25.79680981876241,197.88888888888889,579.0277777777778,9.44302043419556,188.63888888888889,3406.527777777778,4770.340374115943,89.58333333333333,1
62,WET,576,1434.626736111111,2699.915722947902,126.81423611111111,68.99621471178953,0.8715277777777778,26485.0,975.1944444444445,25.79680981876241,197.88888888888889,579.0277777777778,9.44302043419556,188.63888888888889,3406.527777777778,4770.340374115943,89.58333333333333,1
63,WET,576,1434.626736111111,2699.915722947902,126.81423611111111,68.99621471178953,0.8715277777777778,26485.0,975.1944444444445,25.79680981876241,197.88888888888889,579.0277777777778,9.44302043419556,188.63888888888889,3406.527777777778,4770.340374115943,89.58333333333333,1
64,WET,576,1415.4913194444443,2666.1166209920757,126.36631944444444,69.13661127360781,0.8715277777777778,26489.0,975.4166666666666,26.556005508574298,198.22222222222223,578.9444444444445,9.976957579326601,187.16666666666666,3827.4166666666665,5044.9954799639945,87.86111111111111,1
65,WET,576,1431.265625,2687.566171136076,127.07986111111111,69.1174815881758,0.8715277777777778,26479.0,975.4444444444445,26.146231025243328,196.66666666666666,579.0,10.186826226623706,188.63888888888889,3768.472222222222,5191.700538833171,88.72222222222223,1
66,WET,576,1446.670138888889,2725.52153308367,126.91840277777777,68.8343316731798,0.8697916666666666,26478.0,975.5833333333334,26.65158799878804,196.55555555555554,578.8888888888889,9.410564816137773,188.55555555555554,3827.472222222222,5045.210823776268,89.11111111111111,1
67,WET,576,1458.421875,2719.127616331474,127.14236111111111,68.9787649287215,0.8663194444444444,26482.0,975.5555555555555,26.866276731188957,197.86111111111111,578.3888888888889,9.39080942130664,188.38888888888889,3817.4444444444443,5046.665198464905,89.61111111111111,1
68,WET,576,1431.5885416666667,2724.2745311967074,127.65625,69.19045697159038,0.875,26486.0,975.6944444444445,26.812384605886294,198.11111111111111,578.1388888888889,9.193639968642229,188.66666666666666,3725.0,5093.113008198985,87.58333333333333,1
69,WET,576,1430.2465277777778,2728.771416351373,126.71701388888889,69.1001546828533,0.875,26481.0,975.5555555555555,26.27377230454567,197.88888888888889,578.5,9.56630993195839,187.13888888888889,3820.1666666666665,5168.234346190472,88.61111111111111,1
70,WET,576,1389.1006944444443,2606.1246293319564,126.73090277777777,69.0111113478313,0.8767361111111112,26479.0,975.1388888888889,26.178674830346473,196.55555555555554,578.4444444444445,9.018851508905252,186.94444444444446,3775.9166666666665,5068.126508596926,88.80555555555556,1
71,WET,576,1453.984375,2732.747874564431,127.15625,68.89278024053633,0.8697916666666666,26488.0,975.1388888888889,26.861712292807905,196.66666666666666,578.7777777777778,9.792449310160533,188.58333333333334,3775.3055555555557,5068.970224073099,89.30555555555556,1
72,WET,576,1437.6006944444443,2738.114390136347,127.63541666666667,69.19870539968979,0.8732638888888888,26487.0,975.7777777777778,26.93389909825387,197.88888888888889,578.4444444444445,9.330271606655845,187.0,3872.1388888888887,5144.9286717409,89.66666666666667,1
73,WET,576,1408.7100694444443,2681.710894918836,127.27951388888889,68.83252620420512,0.8784722222222222,26488.0,975.75,26.481664816030193,198.11111111111111,578.1944444444445,8.99148627295985,186.88888888888889,3820.8055555555557,5169.7047930056315,89.44444444444444,1
74,WET,576,1432.876736111111,2663.1070037881427,127.48263888888889,68.86717068815751,0.8680555555555556,26490.0,975.3888888888889,27.103271049585537,197.97222222222223,579.3055555555555,9.884531767057469,186.91666666666666,3817.6944444444443,5048.790552877529,87.94444444444444,1
75,WET,576,1448.0555555555557,2683.516913434935,128.42881944444446,68.90859336021936,0.8645833333333334,26488.0,975.2222222222222,27.371634025142694,198.05555555555554,578.8611111111111,9.624827353636094,188.63888888888889,3827.8611111111113,5045.582940427217,88.16666666666667,1
76,WET,576,1433.2899305555557,2724.374729672184,126.99652777777777,68.95862277199524,0.875,26492.0,975.25,27.361469258795296,198.0,578.1111111111111,9.495195109039633,188.69444444444446,3775.6666666666665,5070.666436898183,88.58333333333333,1
77,WET,576,1371.8559027777778,2595.432717561518,127.60416666666667,68.67968310590678,0.8784722222222222,26485.0,975.0,26.03404364618429,198.38888888888889,578.3888888888889,9.669621879969624,188.94444444444446,3827.1944444444443,5044.2844703935925,92.72222222222223,1
78,WET,576,1410.234375,2667.899013867159,128.11805555555554,69.01426448042963,0.875,26485.0,975.0555555555555,26.997295572963754,198.58333333333334,578.6944444444445,9.214334932808132,189.05555555555554,3723.9166666666665,5092.593352114422,91.63888888888889,1
79,WET,576,1397.5572916666667,2614.682389926143,127.94618055555556,68.73074644033176,0.8732638888888888,26487.0,975.2777777777778,26.15843061163059,198.52777777777777,578.8055555555555,9.501336580997267,187.47222222222223,3861.8055555555557,5148.622660864579,94.02777777777777,1
80,WET,576,1446.34375,2724.724236791342,127.81423611111111,68.86496855844314,0.8715277777777778,26487.0,975.5,26.48287856602558,198.52777777777777,578.7777777777778,9.511229787124906,188.94444444444446,3828.4166666666665,5044.8886402830685,93.30555555555556,1
81,WET,576,1446.34375,2724.724236791342,127.81423611111111,68.86496855844314,0.8715277777777778,26487.0,975.5,26.48287856602558,198.52777777777777,578.7777777777778,9.511229787124906,188.94444444444446,3828.4166666666665,5044.8886402830685,93.30555555555556,1
82,WET,576,1410.8003472222222,2636.567445733687,127.70486111111111,68.69821062470453,0.8732638888888888,26481.0,975.6111111111111,26.81606957220963,198.36111111111111,578.4444444444445,9.336394055964753,188.88888888888889,3849.0833333333335,5237.967579537479,93.55555555555556,1
83,WET,576,1414.515625,2658.2923735935933,127.734375,69.0078543156376,0.8732638888888888,26479.0,975.2222222222222,26.948746179273734,198.55555555555554,578.6666666666666,9.567803151343423,189.05555555555554,3827.3333333333335,5044.568530324755,91.38888888888889,1
84,WET,576,1415.5399305555557,2671.0485590223834,127.52777777777777,69.19838072572023,0.8715277777777778,26483.0,975.4722222222222,26.275992422319234,198.61111111111111,578.7222222222222,9.440372604968244,189.05555555555554,3509.277777777778,4725.665550169996,94.22222222222223,1
85,WET,576,1394.4114583333333,2660.4334590583244,127.47048611111111,69.09360471319829,0.8802083333333334,26492.0,975.3888888888889,26.323566603523897,196.75,578.5555555555555,9.369996019039997,187.44444444444446,3725.277777777778,5093.991988389635,94.08333333333333,1
86,WET,576,1431.640625,2720.50216738098,127.22222222222223,69.1938394861819,0.8732638888888888,26490.0,975.5833333333334,27.07911688790038,198.52777777777777,578.5555555555555,9.302670720802846,187.02777777777777,3827.277777777778,5045.154374594703,90.61111111111111,1
87,WET,576,1431.640625,2720.50216738098,127.22222222222223,69.1938394861819,0.8732638888888888,26490.0,975.5833333333334,27.07911688790038,198.52777777777777,578.5555555555555,9.302670720802846,187.02777777777777,3827.277777777778,5045.154374594703,90.61111111111111,1
88,WET,576,1413.0677083333333,2661.8919846838103,127.38715277777777,68.99505146469237,0.8732638888888888,26488.0,975.1388888888889,26.442555287996093,198.22222222222223,577.8333333333334,9.16047409877271,188.66666666666666,3828.472222222222,5044.844975594174,92.30555555555556,1
89,WET,576,1401.6979166666667,2616.9918705285136,127.296875,69.00093390037024,0.8697916666666666,26491.0,975.1388888888889,26.474950724656992,198.08333333333334,578.1666666666666,9.047493733468006,186.91666666666666,3510.0,4727.458846236225,88.02777777777777,1
90,WET,576,1436.779513888889,2723.0767375158125,128.07118055555554,68.63978642559091,0.875,26482.0,975.6666666666666,26.595380909366305,198.05555555555554,578.4722222222222,9.38231196335838,188.55555555555554,3724.027777777778,5091.42372727265,88.61111111111111,1
91,WET,576,1395.579861111111,2653.9112325825367,125.97222222222223,69.33843575420133,0.8784722222222222,26491.0,975.4444444444445,26.525938189353393,196.55555555555554,578.8611111111111,9.73110705133,187.25,3827.3333333333335,5047.759593550957,87.0,1
92,WET,576,1458.9375,2727.5712670665607,127.29513888888889,68.88438666613501,0.8680555555555556,26490.0,975.5,27.178247604603627,198.0,578.3055555555555,9.186385716900991,188.63888888888889,3776.5833333333335,5070.072827738418,89.05555555555556,1
93,WET,576,1436.107638888889,2629.61402933491,127.24131944444444,69.02029513067684,0.8732638888888888,16201.0,975.9444444444445,26.265615159035196,198.19444444444446,578.4166666666666,9.302457432620388,186.94444444444446,3440.4166666666665,3700.1448803681037,90.30555555555556,1
94,WET,576,1478.3819444444443,2787.917425762184,127.72743055555556,68.77277661342588,0.8680555555555556,26488.0,975.3888888888889,26.15369711944896,197.86111111111111,578.4722222222222,9.467194820947638,187.19444444444446,3775.1944444444443,5069.458730303854,88.77777777777777,1
95,WET,576,1387.501736111111,2468.559958929562,127.828125,68.98457436739783,0.8732638888888888,15359.0,975.4722222222222,26.753356116421422,198.16666666666666,578.25,9.378927748644069,187.02777777777777,3367.972222222222,3448.6292306704877,88.33333333333333,1
96,WET,576,1382.8229166666667,2652.535576764731,126.37326388888889,69.21277013000746,0.8819444444444444,26483.0,975.5277777777778,26.346575934873652,196.44444444444446,578.6388888888889,9.174974590164199,188.44444444444446,3724.4166666666665,5092.8105536839175,87.5,1
97,WET,576,1382.8229166666667,2652.535576764731,126.37326388888889,69.21277013000746,0.8819444444444444,26483.0,975.5277777777778,26.346575934873652,196.44444444444446,578.6388888888889,9.174974590164199,188.44444444444446,3724.4166666666665,5092.8105536839175,87.5,1
98,WET,576,1423.295138888889,2675.4274618956238,127.19965277777777,68.78261902861065,0.875,26494.0,975.5555555555555,26.153879192681856,196.61111111111111,578.6944444444445,9.297678495023657,188.75,3723.8055555555557,5093.327325710119,88.80555555555556,1
99,WET,576,1433.9600694444443,2672.495307163013,127.28298611111111,69.0121123787124,0.8697916666666666,26490.0,975.8611111111111,26.4717129650045,198.13888888888889,578.4722222222222,9.031646301789884,188.77777777777777,3810.25,5173.412404510475,88.52777777777777,1
100,WET,576,1427.0746527777778,2672.766688371551,127.13020833333333,68.65955204817898,0.8697916666666666,26488.0,976.5,27.256978136669098,198.27777777777777,578.6388888888889,9.53535609576359,188.69444444444446,3868.8611111111113,5025.185205700114,89.75,1
101,WET,576,1415.9635416666667,2677.617440310864,127.35763888888889,68.66710060528452,0.8732638888888888,26486.0,976.5,26.01812555014018,198.13888888888889,578.8611111111111,9.63669409164123,188.77777777777777,3552.0,4707.335946614147,94.19444444444444,1
102,WET,576,1402.34375,2619.7123132241372,127.52777777777777,68.80916085292677,0.8715277777777778,26493.0,975.5833333333334,26.96386470816081,198.19444444444446,578.6111111111111,9.541721251663372,187.11111111111111,3499.722222222222,4729.762788440942,90.05555555555556,1
103,WET,576,1403.5677083333333,2661.568438805089,126.46701388888889,68.8948143164219,0.8767361111111112,26482.0,975.9444444444445,26.940086376406704,198.22222222222223,578.5833333333334,9.13196896309099,188.69444444444446,3406.972222222222,4769.404763616352,89.11111111111111,1
104,WET,576,1432.845486111111,2669.867916146251,127.08159722222223,69.0564026334351,0.8680555555555556,26488.0,976.0555555555555,26.318862811347678,198.13888888888889,578.5,9.241212041718338,188.72222222222223,3870.1944444444443,5024.2309365681285,92.5,1
105,WET,576,1385.1510416666667,2613.3716089416994,126.52951388888889,68.85350161383165,0.8767361111111112,26492.0,976.3333333333334,27.547361813014742,198.13888888888889,579.0555555555555,9.36236979903957,188.55555555555554,3458.1111111111113,4749.400135221757,89.97222222222223,1
106,WET,576,1473.5833333333333,2775.413991266288,127.97916666666667,68.83776910142507,0.8663194444444444,26479.0,975.5555555555555,26.52916933107453,198.27777777777777,578.8333333333334,9.605058191241886,188.75,3827.6388888888887,5044.779401394094,90.80555555555556,1
107,WET,576,1437.8489583333333,2722.7789578348224,127.47569444444444,69.01491459835147,0.8732638888888888,26486.0,976.1388888888889,26.041892379974207,196.5,578.6666666666666,9.289010404005062,187.05555555555554,3775.3611111111113,5069.456280525431,89.86111111111111,1
108,WET,576,1437.8489583333333,2722.7789578348224,127.47569444444444,69.01491459835147,0.8732638888888888,26486.0,976.1388888888889,26.041892379974207,196.5,578.6666666666666,9.289010404005062,187.05555555555554,3775.3611111111113,5069.456280525431,89.86111111111111,1
109,WET,576,1399.6909722222222,2651.561378001156,126.78472222222223,69.00333759987873,0.8784722222222222,26482.0,975.3611111111111,26.109826040650212,196.44444444444446,578.8611111111111,9.25558604389117,188.47222222222223,3827.222222222222,5045.6472676165495,89.33333333333333,1
110,WET,576,1422.0034722222222,2679.6497477881835,127.22395833333333,68.93107605023084,0.8697916666666666,26493.0,975.3888888888889,26.45997276510614,197.75,578.9166666666666,9.391105214129865,188.5,3871.8055555555557,5145.231339069185,88.72222222222223,1
111,WET,576,1418.6059027777778,2630.3658416666726,128.08333333333334,68.72719318678257,0.8697916666666666,26485.0,975.5555555555555,26.820508618213832,197.83333333333334,578.3611111111111,9.280248696722294,188.52777777777777,3775.8055555555557,5069.821641379194,87.97222222222223,1
112,WET,576,1457.2239583333333,2747.834784005379,127.15277777777777,68.85185076230749,0.8715277777777778,26486.0,975.8333333333334,26.46345188584221,196.36111111111111,578.6111111111111,9.351173426070357,187.08333333333334,3820.5555555555557,5169.103129968869,89.80555555555556,1
113,WET,576,1434.451388888889,2719.851890575062,127.47222222222223,68.94955326223462,0.8715277777777778,26488.0,975.3611111111111,26.55146245934786,198.02777777777777,578.9444444444445,9.73343118019964,186.91666666666666,3775.9444444444443,5069.087051894308,91.63888888888889,1
114,WET,576,1431.263888888889,2722.6851029720624,127.18055555555556,68.8025710898964,0.875,26484.0,975.2777777777778,25.974285207941566,196.55555555555554,578.1944444444445,9.064276645773292,188.52777777777777,3776.4166666666665,5069.209154296161,91.44444444444444,1
115,WET,576,1426.482638888889,2664.129792593057,127.75173611111111,68.86207403238356,0.8697916666666666,26488.0,975.6111111111111,26.72962805339827,198.08333333333334,578.3611111111111,8.96709151055849,188.47222222222223,3765.8333333333335,5073.084468897737,89.05555555555556,1
116,WET,576,1379.0277777777778,2555.776159409539,127.35069444444444,68.9854699843539,0.875,26489.0,975.5277777777778,26.64741864862187,198.08333333333334,578.6388888888889,9.660383836733189,188.55555555555554,3723.8055555555557,5093.143771325999,88.86111111111111,1
117,WET,576,1478.4895833333333,2741.8076913886866,127.73611111111111,68.87496078957454,0.8628472222222222,26489.0,975.8611111111111,27.053547723809615,198.16666666666666,578.7777777777778,9.286275929290527,187.11111111111111,3827.6111111111113,5046.660068247558,89.27777777777777,1
118,WET,576,1402.6371527777778,2621.2715601974983,127.30208333333333,68.73638043757994,0.8732638888888888,26485.0,975.7777777777778,26.228785834445453,198.36111111111111,578.8611111111111,9.710532655032084,187.19444444444446,3776.3888888888887,5069.170556428214,90.61111111111111,1
119,WET,576,1342.9131944444443,2428.317052557712,126.29166666666667,69.27272240531943,0.8802083333333334,16209.0,975.2222222222222,26.744410482631544,196.55555555555554,578.5277777777778,9.699738173524098,187.16666666666666,3482.5,3675.7802864542537,88.19444444444444,1
120,WET,576,1420.2256944444443,2712.6682867214413,127.17013888888889,68.96196272408788,0.8767361111111112,26486.0,975.4722222222222,26.08610589250378,196.66666666666666,578.9166666666666,9.256272004893301,188.58333333333334,3776.0555555555557,5069.665539514385,87.72222222222223,1
121,WET,576,1425.126736111111,2571.356803725021,127.80208333333333,68.94051176432032,0.8680555555555556,16197.0,975.8055555555555,26.626323649935436,196.69444444444446,578.1944444444445,9.105161627009608,188.47222222222223,3534.4444444444443,3646.5759081593587,91.22222222222223,1
122,WET,576,1457.5815972222222,2773.9163907096136,127.09548611111111,68.97193657699023,0.8715277777777778,26495.0,975.8888888888889,26.37615565812401,198.02777777777777,578.1944444444445,9.133359402117822,187.05555555555554,3776.3888888888887,5071.077458223409,89.97222222222223,1
123,WET,576,1433.8836805555557,2696.8285615309755,127.78819444444444,69.03813559319525,0.8680555555555556,26492.0,975.6111111111111,26.52360434220031,198.0,578.0833333333334,9.138224272644159,187.11111111111111,3901.5833333333335,5217.282786908472,87.19444444444444,1
124,WET,576,1372.3072916666667,2586.3726746486195,126.8125,68.70470414409611,0.8784722222222222,26476.0,975.1666666666666,26.09269191610117,198.13888888888889,578.3333333333334,9.368640700305919,188.86111111111111,3828.1666666666665,5044.180338341829,88.11111111111111,1
125,WET,576,1437.404513888889,2722.176230221402,127.67361111111111,68.79166210994444,0.8715277777777778,26488.0,975.4722222222222,26.470993409078776,198.11111111111111,578.8055555555555,9.721315150429405,188.83333333333334,3776.25,5070.059246624808,86.61111111111111,1
126,WET,576,1401.1493055555557,2661.9388999138428,126.55381944444444,68.91367299520192,0.875,26489.0,975.2777777777778,26.53150268870263,198.08333333333334,578.1111111111111,9.0735967912487,188.58333333333334,3817.8333333333335,5049.475794575116,89.19444444444444,1
127,WET,576,1469.0746527777778,2794.3620656246326,128.01215277777777,68.99887925481909,0.8680555555555556,26484.0,975.6666666666666,26.494204217957883,198.61111111111111,578.2777777777778,9.101369162654631,189.02777777777777,3861.9444444444443,5147.532179567461,93.36111111111111,1
128,WET,576,1428.1128472222222,2734.071222701993,127.64236111111111,69.04641059930181,0.8767361111111112,26490.0,975.6944444444445,26.829428878905603,198.75,578.5555555555555,9.247221805013176,188.94444444444446,3821.1111111111113,5169.278716072916,90.80555555555556,1
129,WET,576,1400.6041666666667,2651.9177559434597,127.38368055555556,68.94510455434138,0.8767361111111112,26491.0,975.8055555555555,26.229557421727165,196.97222222222223,578.3611111111111,9.550326180750588,189.05555555555554,3766.8888888888887,5073.02732260265,93.38888888888889,1
130,WET,576,1406.5347222222222,2680.4063783241963,127.85416666666667,68.9634281854037,0.8784722222222222,26480.0,975.5277777777778,25.91247477965679,198.75,578.5,9.464218328601078,189.25,3821.3055555555557,5167.559013800531,94.77777777777777,1
131,WET,576,1426.3975694444443,2697.9860718088685,128.02256944444446,68.98324960982404,0.8715277777777778,26488.0,975.7777777777778,26.398172134893965,198.69444444444446,578.7777777777778,9.63360520295228,188.94444444444446,3891.0,5220.405660209066,92.36111111111111,1
132,WET,576,1439.7881944444443,2746.3149363181133,128.06770833333334,68.85737018991131,0.8732638888888888,26485.0,975.0833333333334,26.41252408558161,198.66666666666666,578.3333333333334,8.982522712785885,187.36111111111111,3901.0555555555557,5215.646788788215,93.11111111111111,1
133,WET,576,1410.6041666666667,2674.610917884314,127.578125,68.8809924341004,0.8784722222222222,26492.0,975.9722222222222,26.85887574618875,198.66666666666666,578.2777777777778,9.49469358901099,188.77777777777777,3725.5,5093.911505765626,89.58333333333333,1
134,WET,576,1479.673611111111,2785.7947246049844,127.59375,68.87406655825423,0.8663194444444444,26493.0,975.7777777777778,26.365682360773565,198.63888888888889,578.1944444444445,9.282300959951208,189.0,3776.8333333333335,5070.194639825407,92.30555555555556,1
135,WET,576,1425.657986111111,2676.840375364074,128.26041666666666,68.6961270931933,0.8697916666666666,26482.0,975.8333333333334,26.741620850544678,198.55555555555554,578.3888888888889,9.02465758045392,188.86111111111111,3869.722222222222,5023.626564892345,93.02777777777777,1
136,WET,576,1448.0243055555557,2677.9099124894474,128.49652777777777,68.92898409997629,0.8645833333333334,26483.0,975.7777777777778,26.546036681434455,198.58333333333334,578.3888888888889,9.577586268479063,187.47222222222223,3828.4166666666665,5044.962740199377,91.41666666666667,1
137,WET,576,1434.3802083333333,2667.685525326935,127.21875,68.70344936022539,0.8680555555555556,26485.0,975.2222222222222,26.4144020360226,196.58333333333334,578.4166666666666,9.07232841431255,188.52777777777777,3828.9166666666665,5045.987811405924,91.94444444444444,1
138,WET,576,1448.421875,2729.685900506551,127.82638888888889,68.69905484764602,0.8697916666666666,26487.0,975.5833333333334,25.96522399562263,198.25,578.1944444444445,9.108299024028094,188.77777777777777,3776.027777777778,5070.129299484586,90.41666666666667,1
139,WET,576,1428.53125,2674.3894290973935,127.61805555555556,68.78261817411287,0.8697916666666666,26493.0,975.8888888888889,26.19572241828564,198.25,578.9444444444445,9.414106268010618,188.61111111111111,3509.6944444444443,4727.587218018115,89.63888888888889,1
140,WET,576,1423.2447916666667,2614.521195969591,128.10243055555554,68.71427047065713,0.8645833333333334,26488.0,975.6944444444445,26.32849563761064,198.22222222222223,578.7222222222222,9.67946607474108,188.75,3551.5555555555557,4707.2321709377275,90.27777777777777,1
141,WET,576,1467.5086805555557,2790.2866931169924,126.55555555555556,69.25291086719928,0.8680555555555556,26488.0,975.1111111111111,25.706894881421295,196.55555555555554,578.6944444444445,9.14898728023863,188.55555555555554,3509.6388888888887,4726.394011462365,89.69444444444444,1
142,WET,576,1462.326388888889,2774.632519661791,127.43229166666667,69.11468125935038,0.8697916666666666,26489.0,975.1666666666666,25.981861805058212,198.05555555555554,578.5555555555555,9.363895539920321,186.94444444444446,3775.8888888888887,5069.283487142524,87.72222222222223,1
143,WET,576,1462.326388888889,2774.632519661791,127.43229166666667,69.11468125935038,0.8697916666666666,26489.0,975.1666666666666,25.981861805058212,198.05555555555554,578.5555555555555,9.363895539920321,186.94444444444446,3775.8888888888887,5069.283487142524,87.72222222222223,1
144,WET,576,1399.935763888889,2667.1830524187562,126.83333333333333,68.91198089672878,0.8802083333333334,26487.0,975.2777777777778,26.31090063193375,198.08333333333334,578.7777777777778,9.550201527001889,188.61111111111111,3406.3333333333335,4769.949523542452,88.0,1
145,WET,576,1414.5850694444443,2658.145564107694,127.40798611111111,68.84961373328125,0.875,26493.0,974.9722222222222,26.30750692549411,198.36111111111111,578.3611111111111,9.438985350367084,187.16666666666666,3775.8611111111113,5070.700177928532,89.47222222222223,1
146,WET,576,1454.5746527777778,2731.6840714026102,127.58854166666667,69.15671972119185,0.8663194444444444,26495.0,975.6666666666666,26.986769245052553,198.30555555555554,578.4444444444445,9.188329381633901,186.97222222222223,3510.1111111111113,4727.105334604302,86.33333333333333,1
147,WET,576,1443.1597222222222,2721.930745157425,127.56597222222223,68.70694981747808,0.8697916666666666,26489.0,975.8333333333334,26.375854759338402,198.36111111111111,578.4722222222222,9.38231196335838,188.75,3817.3055555555557,5049.605386672419,91.94444444444444,1
148,WET,576,1411.451388888889,2660.403304142534,127.359375,69.0601414802782,0.875,26493.0,975.4722222222222,26.931114359322763,198.16666666666666,578.9722222222222,10.038457795928363,187.16666666666666,3766.722222222222,5074.158478357969,90.16666666666667,1
149,WET,576,1421.046875,2661.5303919580974,126.65625,68.78148190177474,0.8715277777777778,26493.0,975.6388888888889,26.331027626604623,198.0,579.0555555555555,9.824006876581016,188.80555555555554,3724.5833333333335,5093.133839508133,90.33333333333333,1
150,WET,576,1404.3194444444443,2664.646299497828,127.80729166666667,69.27247942123142,0.8767361111111112,26473.0,975.1111111111111,26.367488398488856,198.02777777777777,578.3055555555555,9.010531756765666,187.02777777777777,3723.4166666666665,5090.80529905212,89.72222222222223,1
151,WET,576,1445.4618055555557,2698.5006971335165,127.796875,68.73213447637734,0.8680555555555556,26486.0,974.9166666666666,26.25085032636358,196.63888888888889,578.8333333333334,9.805246409084125,188.58333333333334,3848.9444444444443,5239.413947295166,89.80555555555556,1
152,WET,576,1433.611111111111,2724.208172063518,127.296875,68.74118926339204,0.875,26498.0,975.7222222222222,26.687194479868978,197.97222222222223,578.3333333333334,9.039595439746499,188.69444444444446,3817.8333333333335,5049.56570409773,94.47222222222223,1
153,WET,576,1451.435763888889,2755.539612290395,127.19270833333333,68.83895267335879,0.875,26486.0,975.8888888888889,26.362069914153746,198.27777777777777,578.2222222222222,9.338433980403204,188.77777777777777,3651.4444444444443,4917.695490743865,87.5,1
154,WET,576,1455.7430555555557,2781.695400032665,126.94618055555556,68.94932382732392,0.8732638888888888,26492.0,976.0555555555555,26.399074057836028,198.11111111111111,578.75,9.225353264625852,188.80555555555554,3820.4166666666665,5169.820535017218,87.47222222222223,1
155,WET,576,1366.8402777777778,2521.339263040562,127.484375,68.70243126276486,0.8767361111111112,26486.0,975.4166666666666,26.638720475492597,198.19444444444446,578.8888888888889,9.735877032260708,188.69444444444446,3334.0555555555557,4577.465717711647,90.25,1
156,WET,576,1444.34375,2765.74192123768,126.69444444444444,68.93583749660277,0.8767361111111112,26489.0,975.7222222222222,26.21298599779573,198.13888888888889,578.8333333333334,9.379308533758156,188.80555555555554,3776.1666666666665,5070.080351575168,89.38888888888889,1
157,WET,576,1437.3229166666667,2712.6391777970157,127.09895833333333,69.05087395072835,0.8732638888888888,26482.0,975.3888888888889,26.13730533468839,197.97222222222223,578.8611111111111,9.25558604389117,188.58333333333334,3776.0555555555557,5070.069866773855,87.47222222222223,1
158,WET,576,1384.5208333333333,2609.6409906844306,127.06770833333333,69.09909298748218,0.8767361111111112,26494.0,975.9722222222222,26.13753306876215,196.58333333333334,578.6666666666666,9.483820809297125,188.5,3871.9166666666665,5145.124773580743,88.88888888888889,1
159,WET,576,1465.2864583333333,2778.9302547293187,127.40972222222223,69.23642698858067,0.8680555555555556,26486.0,975.3888888888889,26.364779295522034,198.08333333333334,578.6111111111111,8.858499640064103,187.08333333333334,3827.1944444444443,5046.271850552895,87.88888888888889,1
160,WET,576,1410.857638888889,2670.596771350924,127.19444444444444,68.97330177702595,0.8767361111111112,26482.0,975.1944444444445,26.096326445847776,197.97222222222223,578.5555555555555,9.116529554118229,187.0,3775.3888888888887,5068.814915189195,89.38888888888889,1
161,WET,576,1458.045138888889,2779.035708691902,127.15277777777777,68.9802024179205,0.8732638888888888,26490.0,975.3333333333334,26.30589287593181,196.75,578.9722222222222,9.566268450314995,187.02777777777777,3724.8333333333335,5093.273348250612,88.38888888888889,1
162,WET,576,1399.3072916666667,2609.107787252644,127.52604166666667,68.92220364414453,0.875,26490.0,975.5833333333334,26.328013326384614,196.58333333333334,579.0,9.555850862915648,188.80555555555554,3776.0555555555557,5069.8260829254405,90.13888888888889,1
163,WET,576,1409.001736111111,2669.2793694979814,126.79513888888889,69.17356675407673,0.8767361111111112,26480.0,975.6666666666666,26.60612174454808,196.52777777777777,578.5833333333334,9.375880910994063,187.11111111111111,3723.8333333333335,5092.031200106412,87.44444444444444,1
164,WET,576,1413.0590277777778,2658.006749137437,127.73958333333333,69.01679215833194,0.8732638888888888,26482.0,975.4166666666666,26.882150211618118,198.08333333333334,578.5277777777778,9.32733650884358,188.69444444444446,3775.5,5067.54407409123,88.83333333333333,1
165,WET,576,1449.9809027777778,2719.3429905001904,127.23784722222223,69.13335561980509,0.8680555555555556,26491.0,976.0555555555555,26.48983033375471,198.22222222222223,578.8055555555555,9.263814223539566,188.58333333333334,3776.3611111111113,5070.222999619743,91.66666666666667,1
166,WET,576,1403.671875,2670.703084117465,127.11284722222223,69.11807611659914,0.8767361111111112,26486.0,975.5555555555555,26.59908102004863,198.13888888888889,578.7777777777778,9.55319276804839,188.5,3724.027777777778,5093.154579495395,88.77777777777777,1
167,WET,576,1415.3402777777778,2574.775916391114,127.02430555555556,68.90570322562384,0.8732638888888888,16194.0,975.9444444444445,26.446651901996912,196.72222222222223,578.0,8.792854241614933,186.88888888888889,3433.3888888888887,3865.1816684547607,89.55555555555556,1
168,WET,576,1397.8663194444443,2658.5860938829574,126.35763888888889,69.23084781273157,0.8767361111111112,26489.0,975.75,26.190919909661165,197.94444444444446,578.0555555555555,9.045739153070732,186.94444444444446,3775.527777777778,5069.355560542815,87.86111111111111,1
169,WET,576,1397.8663194444443,2658.5860938829574,126.35763888888889,69.23084781273157,0.8767361111111112,26489.0,975.75,26.190919909661165,197.94444444444446,578.0555555555555,9.045739153070732,186.94444444444446,3775.527777777778,5069.355560542815,87.86111111111111,1
170,WET,576,1420.704861111111,2665.7453264578603,127.23611111111111,68.87589343150223,0.8732638888888888,26484.0,975.6388888888889,26.539622968339007,198.05555555555554,578.3611111111111,9.30177487757126,187.16666666666666,3723.5,5092.128673607082,87.33333333333333,1
171,WET,576,1426.8871527777778,2678.3257751348356,127.31770833333333,68.91771033287483,0.8715277777777778,26489.0,976.5,26.659225152173605,198.08333333333334,578.6388888888889,9.320186318731668,188.66666666666666,3776.3888888888887,5070.283262178767,89.5,1
172,WET,576,1443.7065972222222,2739.238145368126,127.80555555555556,68.86750340103349,0.8715277777777778,26491.0,975.4722222222222,26.813095000243134,198.02777777777777,578.0277777777778,9.110390021794146,186.94444444444446,3820.6666666666665,5168.890712715834,88.38888888888889,1
173,WET,576,1444.5902777777778,2671.032700341643,127.67881944444444,68.91298334571134,0.8645833333333334,26490.0,975.8333333333334,26.765115889370414,197.94444444444446,578.4722222222222,9.449069829084799,188.61111111111111,3828.1666666666665,5046.038715099768,89.33333333333333,1
174,WET,576,1378.546875,2507.581994593256,126.35069444444444,68.93164337117663,0.8784722222222222,16192.0,975.8611111111111,26.479267121685737,198.05555555555554,578.3611111111111,8.877428127488848,187.11111111111111,3492.8611111111113,3671.0829943747253,92.61111111111111,1
175,WET,576,1464.642361111111,2734.9238215340524,127.79513888888889,68.77973885069352,0.8628472222222222,26487.0,975.8888888888889,26.81766771341799,198.05555555555554,578.5833333333334,9.669909144203109,188.58333333333334,3828.222222222222,5045.641135028536,91.30555555555556,1
176,WET,576,1454.9895833333333,2734.8685900336427,127.86631944444444,68.96719110528942,0.8680555555555556,26485.0,975.7777777777778,26.6866591722864,198.36111111111111,578.8888888888889,9.431793581219331,188.58333333333334,3827.0833333333335,5044.274238466535,89.63888888888889,1
177,WET,576,1428.7274305555557,2673.297161865185,127.71006944444444,68.76621755181877,0.8680555555555556,26490.0,975.75,26.638720475492597,198.58333333333334,578.5555555555555,9.006170724070865,188.88888888888889,3870.1111111111113,5025.333028212603,93.25,1
178,WET,576,1435.451388888889,2723.3768211793536,128.09375,68.75554191678539,0.8732638888888888,26490.0,975.7222222222222,26.80150434062676,198.75,578.75,9.45477959250543,188.97222222222223,3828.5,5046.013552442024,92.33333333333333,1
179,WET,576,1415.3315972222222,2674.2486346327164,127.04513888888889,68.63261223704596,0.875,26483.0,975.5555555555555,26.385541976560294,198.5,578.4444444444445,9.684876116751592,188.91666666666666,3776.1111111111113,5068.398725874322,92.47222222222223,1
180,WET,576,1401.748263888889,2609.0941863197013,127.83159722222223,68.71244763468174,0.8732638888888888,26479.0,975.9444444444445,26.17080646657858,196.83333333333334,578.0277777777778,9.082120932630254,188.91666666666666,3776.8055555555557,5068.256109322273,93.91666666666667,1
181,WET,576,1398.0260416666667,2606.945532893737,127.98958333333333,68.84041954923921,0.8732638888888888,26484.0,976.0555555555555,26.557694009667163,198.69444444444446,578.6944444444445,9.14898728023863,188.91666666666666,3725.1666666666665,5092.451234074664,92.30555555555556,1
182,WET,576,1488.4010416666667,2793.9798912247666,128.04340277777777,68.94696425577975,0.8663194444444444,26487.0,975.9166666666666,26.54954936394536,198.72222222222223,578.5833333333334,9.460821468410808,188.97222222222223,3776.6944444444443,5070.290618999182,93.13888888888889,1
183,WET,576,1382.3125,2598.0261490396415,128.03472222222223,68.69044523505075,0.8784722222222222,26493.0,976.0,26.2449995237188,196.91666666666666,578.3333333333334,9.718906464059774,189.02777777777777,3724.527777777778,5092.9937111745485,91.88888888888889,1
184,WET,576,1399.2239583333333,2619.2445171208556,127.68923611111111,68.59785403774043,0.875,26489.0,975.9166666666666,26.867266329122504,198.47222222222223,578.7777777777778,9.487167607160169,189.19444444444446,3776.6388888888887,5070.268908916977,93.69444444444444,1
185,WET,576,1393.703125,2674.7685206940414,127.50173611111111,69.20089512336388,0.8784722222222222,26473.0,975.7222222222222,26.750285564415528,198.55555555555554,578.5555555555555,9.563156814251675,188.91666666666666,3901.1111111111113,5214.751821393819,92.30555555555556,1
186,WET,576,1430.9600694444443,2716.6767471955095,128.43229166666666,68.74125398125155,0.8715277777777778,26480.0,975.9444444444445,26.521090738660316,198.55555555555554,578.6944444444445,9.183274997654143,188.88888888888889,3818.3888888888887,5049.133047381374,94.58333333333333,1
187,WET,576,1417.6649305555557,2710.624397731211,127.09027777777777,69.29119444561925,0.8767361111111112,26489.0,975.8611111111111,26.235366291409854,196.55555555555554,578.5,9.075870678421358,187.08333333333334,3775.75,5069.609781404707,89.30555555555556,1
188,WET,576,1435.296875,2726.896487180214,126.74131944444444,69.23516257760903,0.8732638888888888,26474.0,975.2777777777778,26.557335398945117,196.38888888888889,578.4722222222222,9.234983521096321,188.66666666666666,3775.75,5069.228396483461,88.83333333333333,1
189,WET,576,1430.548611111111,2715.2622240869528,127.27083333333333,68.92923290814686,0.8715277777777778,26486.0,975.9166666666666,26.807648162418126,198.05555555555554,578.1944444444445,9.269980565380905,187.02777777777777,3458.472222222222,4747.5948947778425,89.69444444444444,1
190,WET,576,1375.1753472222222,2601.0471593487364,126.47395833333333,68.8956488679997,0.8802083333333334,26489.0,975.8333333333334,26.248809496813376,197.97222222222223,578.2222222222222,9.020963240019205,187.19444444444446,3766.25,5073.284911460931,92.66666666666667,1
191,WET,576,1410.90625,2654.984501464461,126.89409722222223,68.87196933151876,0.8732638888888888,26488.0,975.5555555555555,26.402861797750468,197.97222222222223,578.1111111111111,8.869781049891586,188.47222222222223,3817.8888888888887,5048.381187655407,92.83333333333333,1
192,WET,576,1430.8315972222222,2720.871521128428,126.95486111111111,69.05456309834226,0.875,26493.0,975.9722222222222,27.33024082389439,198.02777777777777,579.0555555555555,9.380662311203052,188.47222222222223,3724.472222222222,5093.724113265606,87.66666666666667,1
193,WET,576,1409.0885416666667,2680.644152765823,127.39409722222223,68.98164938060212,0.8767361111111112,26491.0,975.25,26.650515942472857,198.02777777777777,578.4166666666666,9.320867525534918,188.38888888888889,3821.1666666666665,5170.953581580204,88.5,1
194,WET,576,1422.4184027777778,2619.2132526364358,127.93055555555556,69.0544172271423,0.8663194444444444,26483.0,975.5,26.674225119284827,197.97222222222223,578.6666666666666,9.033271832508971,188.5,3817.0833333333335,5048.074101646516,89.66666666666667,1
195,WET,576,1446.7621527777778,2672.3739161918543,127.75347222222223,69.02418800399133,0.8645833333333334,26491.0,976.0,26.356891210567955,197.91666666666666,578.3333333333334,9.374738091579642,187.02777777777777,3827.1944444444443,5046.699129526967,86.83333333333333,1
196,WET,576,1415.345486111111,2672.1096463724257,127.36111111111111,68.80486307012583,0.875,26489.0,976.0555555555555,26.606062085219218,198.19444444444446,578.6944444444445,9.765301383526834,188.77777777777777,3775.972222222222,5069.404938232669,90.19444444444444,1
197,WET,576,1424.5902777777778,2674.3268919829634,127.09895833333333,69.08136506261968,0.8732638888888888,26489.0,975.7777777777778,26.216800623276576,196.58333333333334,578.6666666666666,9.16203346112953,188.83333333333334,3776.4166666666665,5070.061500754066,89.25,1
198,WET,576,1467.8489583333333,2778.320223380442,127.09722222222223,68.72313307803806,0.8697916666666666,26500.0,975.8611111111111,26.68135012409313,197.86111111111111,578.8888888888889,9.389288053879813,188.75,3775.8888888888887,5071.078937198827,90.38888888888889,1
199,WET,576,1407.7899305555557,2664.6821507548298,126.53125,68.87979461911043,0.8767361111111112,26487.0,975.1666666666666,26.1397343958525,198.22222222222223,579.0277777777778,9.572239956132409,188.75,3769.3888888888887,5192.048086271807,87.86111111111111,1
0,DRY,576,1082.2065972222222,304.1233770990703,216.81076388888889,40.28497387674227,1.0,1440.0,1589.0555555555557,26.156610139088247,232.0,1026.0555555555557,5.8794773550251875,228.66666666666666,222.0,5.722137462771856,86.58333333333333,0
1,DRY,576,1080.7239583333333,306.04806582081994,216.43055555555554,41.08107714862596,1.0,1436.0,1588.388888888889,26.42539663470706,232.0,1025.8333333333333,5.828501400139539,228.63888888888889,222.33333333333334,6.033241251599342,86.55555555555556,0
2,DRY,576,1081.982638888889,304.11344233641324,216.84201388888889,40.24160159240719,1.0,1438.0,1588.5555555555557,26.382293244246164,232.0,1025.611111111111,5.837209596460955,228.63888888888889,222.13888888888889,5.238062770462148,86.75,0
3,DRY,576,1080.9809027777778,306.2258062720429,216.44791666666666,41.02849698811994,1.0,1437.0,1589.2222222222222,26.05062226962958,232.0,1026.0,5.947388382427078,228.58333333333334,222.08333333333334,6.035016865877722,86.97222222222223,0
4,DRY,576,1081.8038194444443,304.21788048182884,216.82291666666666,40.24693607860452,1.0,1437.0,1589.0,26.19269254691359,232.0,1025.361111111111,5.92887740652371,228.63888888888889,221.61111111111111,4.981553273415132,86.69444444444444,0
5,DRY,576,1081.8975694444443,304.05547327325934,216.765625,40.49411307041278,1.0,1438.0,1588.6666666666667,26.266763354910275,232.0,1025.2222222222222,6.057397419029356,228.63888888888889,222.13888888888889,5.346041407448948,87.05555555555556,0
6,DRY,576,1081.9166666666667,304.26064187542306,216.82291666666666,40.39105583533384,1.0,1442.0,1588.9722222222222,26.327048677424745,232.0,1025.4722222222222,5.689519744287292,228.69444444444446,221.41666666666666,6.285470774503916,86.30555555555556,0
7,DRY,576,1081.84375,304.03337244151294,216.82291666666666,40.212153046114885,1.0,1436.0,1588.888888888889,26.12254393406778,232.0,1025.0555555555557,6.066038690679891,228.66666666666666,222.41666666666666,5.748912940721924,86.88888888888889,0
8,DRY,576,1082.045138888889,304.1478899067079,216.72048611111111,40.556544851839284,1.0,1439.0,1588.9722222222222,26.39424841146929,232.0,1025.861111111111,5.816983890926774,228.69444444444446,222.22222222222223,5.687636270825196,86.69444444444444,0
9,DRY,576,1082.111111111111,304.20212946491296,216.64930555555554,40.71486129257108,1.0,1440.0,1589.388888888889,26.226788679600947,232.0,1025.75,5.758844130056457,228.61111111111111,221.75,6.068066295899261,86.05555555555556,0
10,DRY,576,1082.173611111111,304.1965585736811,216.81423611111111,40.21338749029049,1.0,1439.0,1589.0833333333333,26.30195538629889,232.0,1026.0555555555557,6.0754515149996156,228.61111111111111,221.77777777777777,5.762495050440322,87.02777777777777,0
11,DRY,576,1081.9010416666667,304.0606246641238,216.83333333333334,40.32059027345706,1.0,1441.0,1588.6666666666667,26.39696952303427,232.0,1025.3055555555557,5.9369036876831185,228.63888888888889,222.08333333333334,5.479181377854595,86.63888888888889,0
12,DRY,576,1082.3350694444443,304.1242902318441,216.9375,40.51362403733945,1.0,1437.0,1589.6666666666667,26.470468720551857,232.0,1026.0833333333333,6.433728090528627,228.91666666666666,221.77777777777777,5.545196691660842,85.61111111111111,0
13,DRY,576,1082.423611111111,304.0183046814851,216.94618055555554,40.4194872640614,1.0,1436.0,1589.638888888889,26.15574537024353,232.0,1025.8055555555557,6.070158597337091,228.80555555555554,222.5,4.884377427793931,86.11111111111111,0
14,DRY,576,1082.40625,304.1236925620958,216.99131944444446,40.302048744217565,1.0,1437.0,1589.7777777777778,26.140402348101585,232.0,1025.8055555555557,6.479944640171129,228.94444444444446,222.27777777777777,5.7051911755178155,86.66666666666667,0
15,DRY,576,1082.5260416666667,303.9346364117135,217.02777777777777,40.1762513537476,1.0,1437.0,1589.5833333333333,26.36054952819784,232.02777777777777,1025.9444444444443,6.44069403733322,228.94444444444446,223.0,5.11021386189323,87.16666666666667,0
16,DRY,576,1082.359375,304.2172977534104,216.98958333333334,40.325497204949485,1.0,1441.0,1589.6944444444443,26.02286845333701,232.0,1025.5555555555557,6.349103173764868,228.88888888888889,222.08333333333334,5.763803307836638,86.52777777777777,0
17,DRY,576,1082.4965277777778,303.97379727928546,216.99652777777777,40.24792940359797,1.0,1439.0,1589.611111111111,26.50420751263874,232.0,1025.5555555555557,6.276689047326258,228.86111111111111,222.72222222222223,6.116073021665881,86.72222222222223,0
18,DRY,576,1082.40625,304.04561214806745,216.96354166666666,40.37201645269403,1.0,1435.0,1589.8055555555557,26.195767863688477,232.0,1025.7222222222222,6.425890093369439,228.88888888888889,222.55555555555554,5.228736227778424,86.55555555555556,0
19,DRY,576,1082.2239583333333,304.24780341743076,216.97743055555554,40.36260788923552,1.0,1441.0,1589.7222222222222,26.29460684639246,232.0,1025.7777777777778,6.401388738217496,228.91666666666666,221.5,5.935366157919107,86.36111111111111,0
20,DRY,576,1082.154513888889,304.1226031104567,217.00173611111111,40.26429607794709,1.0,1442.0,1589.5,26.642071991494955,232.0,1025.6666666666667,6.265552079198038,228.86111111111111,221.83333333333334,5.916079783099616,86.77777777777777,0
21,DRY,576,1081.935763888889,304.2437420133364,216.90277777777777,40.03129321828606,1.0,1441.0,1589.1944444444443,26.25133405529212,232.0,1024.9166666666667,5.733983905503346,228.58333333333334,221.88888888888889,6.181898819608181,86.63888888888889,0
22,DRY,576,1081.7916666666667,304.07858599107783,216.82118055555554,40.24444797796005,1.0,1436.0,1588.6944444444443,26.29591977523123,232.0,1025.25,5.683937267171662,228.61111111111111,222.02777777777777,5.593292468208741,86.77777777777777,0
23,DRY,576,1082.1458333333333,304.03300073872646,216.72048611111111,40.60373371292796,1.0,1438.0,1588.9722222222222,26.243351387799006,232.0,1025.75,5.949189620684245,228.58333333333334,222.55555555555554,5.342254443554944,86.63888888888889,0
24,DRY,576,1082.1180555555557,304.0105306227935,216.73090277777777,40.50422838717642,1.0,1441.0,1589.111111111111,26.5079802299801,232.0,1025.861111111111,5.821893544581904,228.61111111111111,222.16666666666666,5.664425327049011,86.94444444444444,0
25,DRY,576,1082.138888888889,304.1264610667537,216.81076388888889,40.33910885955638,1.0,1437.0,1589.1666666666667,26.150662378936847,232.0,1025.5833333333333,6.00654405033139,228.63888888888889,222.38888888888889,5.094971065543961,86.33333333333333,0
26,DRY,576,1081.8541666666667,304.13168677286086,216.85243055555554,40.18521478290187,1.0,1439.0,1588.8055555555557,25.71694210265115,232.0,1025.138888888889,6.01024258021387,228.63888888888889,222.02777777777777,6.002314368456369,87.16666666666667,0
27,DRY,576,1081.9774305555557,303.9448355084963,216.71875,40.565756749501446,1.0,1438.0,1588.888888888889,26.37615565812401,232.0,1025.2777777777778,5.916616364641975,228.63888888888889,222.63888888888889,5.8610227180576,86.75,0
28,DRY,576,1082.0746527777778,304.13399878775385,216.8125,40.30365966806102,1.0,1437.0,1588.888888888889,26.228422726694006,232.0,1025.5833333333333,5.973154227757008,228.58333333333334,222.02777777777777,5.406272077668472,86.55555555555556,0
29,DRY,576,1082.0590277777778,304.1725455854681,216.79861111111111,40.411826146753526,1.0,1438.0,1588.861111111111,26.325601637708143,232.0,1025.2777777777778,5.72019535685932,228.63888888888889,222.0,5.171349644228008,86.33333333333333,0
30,DRY,576,1082.076388888889,304.2110830552144,216.65972222222223,40.772644218759055,1.0,1439.0,1589.2777777777778,26.121267865871957,232.0,1025.388888888889,5.987023003500524,228.58333333333334,221.77777777777777,5.2704627669473,85.66666666666667,0
31,DRY,576,1081.767361111111,304.1795055121101,216.796875,40.34807827877222,1.0,1440.0,1589.0,26.42725865465429,232.0,1025.3055555555557,5.893431910401586,228.69444444444446,222.05555555555554,6.047169087122831,86.25,0
32,DRY,576,1082.045138888889,304.15328973549697,216.78125,40.37623487748634,1.0,1441.0,1589.3333333333333,26.25370722121245,232.0,1025.5555555555557,5.803666055394615,228.69444444444446,221.91666666666666,6.166151844661999,86.36111111111111,0
33,DRY,576,1082.017361111111,304.10445661306113,216.82986111111111,40.24778561862667,1.0,1438.0,1588.9444444444443,26.46177236742461,232.0,1025.25,5.973154227757009,228.61111111111111,222.05555555555554,5.518511416493424,86.80555555555556,0
34,DRY,576,1081.9288194444443,303.92982811734623,216.84375,40.25521743056351,1.0,1437.0,1588.7777777777778,26.218980160084804,232.0,1025.5555555555557,6.025870153854223,228.66666666666666,222.55555555555554,5.6742246516000225,86.72222222222223,0
35,DRY,576,1082.092013888889,304.17239755806577,216.80208333333334,40.32514202074254,1.0,1438.0,1589.0833333333333,26.10459729626182,232.0,1025.7222222222222,6.002909347551456,228.63888888888889,221.94444444444446,5.994971437770371,86.55555555555556,0
36,DRY,576,1081.9583333333333,304.07293932633263,216.79513888888889,40.36207280125791,1.0,1441.0,1588.9166666666667,26.304127867259595,232.0,1025.4722222222222,6.021324539198101,228.61111111111111,222.05555555555554,5.985432050019182,86.47222222222223,0
37,DRY,576,1080.717013888889,306.16512676889977,216.51909722222223,40.77427254976807,1.0,1437.0,1589.138888888889,26.378728202612454,232.0,1025.9444444444443,5.65657364460372,228.58333333333334,222.22222222222223,5.324397275674154,87.0,0
38,DRY,576,1081.8402777777778,304.1372568702978,216.72222222222223,40.65679430106985,1.0,1439.0,1588.8055555555557,26.332836041115172,232.0,1025.25,6.4470369716859635,228.63888888888889,221.75,5.6637947904714405,86.19444444444444,0
39,DRY,576,1081.810763888889,304.12366811732807,216.70138888888889,40.66245365149374,1.0,1438.0,1589.111111111111,26.080948468486973,232.0,1025.0,6.29739175033147,228.61111111111111,222.13888888888889,5.399220990252881,86.38888888888889,0
40,DRY,576,1083.4791666666667,302.13750591847895,216.97222222222223,40.15377463307716,1.0,1443.0,1589.3333333333333,26.29394281144288,232.0,1025.8333333333333,5.9497899122574065,228.61111111111111,221.52777777777777,6.626725591383129,86.08333333333333,0
41,DRY,576,1081.7586805555557,304.05169475661563,216.81423611111111,40.27356804958124,1.0,1437.0,1588.9166666666667,26.21490851731946,232.0,1025.5277777777778,5.689519744287292,228.63888888888889,221.97222222222223,5.567693090428597,86.69444444444444,0
42,DRY,576,1081.890625,304.2334176452504,216.84201388888889,40.29407143943727,1.0,1439.0,1589.111111111111,26.398893675712763,232.0,1025.3333333333333,6.0332412515993425,228.63888888888889,221.66666666666666,6.0332412515993425,86.63888888888889,0
43,DRY,576,1081.9270833333333,304.17267955672037,216.79166666666666,40.48604440627248,1.0,1439.0,1588.8333333333333,26.52384372059008,232.0,1025.1944444444443,5.975279763656951,228.66666666666666,221.52777777777777,5.978466650577177,86.02777777777777,0
44,DRY,576,1082.0434027777778,304.1855185794043,216.828125,40.41340159438227,1.0,1435.0,1588.8055555555557,26.278529470103752,232.0,1025.861111111111,5.899892385351632,228.72222222222223,221.36111111111111,5.4150730256401785,86.11111111111111,0
45,DRY,576,1081.9114583333333,304.15033770203536,216.92881944444446,40.008204054441684,1.0,1441.0,1588.861111111111,26.536393099480545,232.0,1025.4166666666667,5.818075283115541,228.61111111111111,221.94444444444446,5.815960524745403,86.52777777777777,0
46,DRY,576,1082.0555555555557,304.2221188671604,216.80729166666666,40.457745648302115,1.0,1442.0,1588.861111111111,26.331027626604623,232.0,1025.5277777777778,6.272325206178607,228.72222222222223,221.55555555555554,6.775773838545019,86.27777777777777,0
47,DRY,576,1082.123263888889,304.0829115515707,216.671875,40.72769039044481,1.0,1437.0,1588.8055555555557,25.953606349401284,232.0,1025.4722222222222,5.623857908747143,228.69444444444446,222.13888888888889,6.0434274938163925,86.13888888888889,0
48,DRY,576,1080.6197916666667,306.1987534628102,216.47743055555554,40.94202597112382,1.0,1436.0,1589.2222222222222,26.14914487660692,232.0,1025.2222222222222,5.81677923209405,228.69444444444446,221.86111111111111,5.529932977004218,86.19444444444444,0
49,DRY,576,1082.1475694444443,304.14447537940686,216.80208333333334,40.335344248682475,1.0,1438.0,1589.25,26.652660011981652,232.0,1025.638888888889,6.20208618255769,228.69444444444446,222.13888888888889,5.632318871745089,86.83333333333333,0
50,DRY,576,1082.125,304.045047032508,216.76215277777777,40.373439403330956,1.0,1436.0,1589.0555555555557,26.33622648362566,232.0,1025.638888888889,5.924056418067306,228.63888888888889,222.30555555555554,5.790728769553941,86.41666666666667,0
51,DRY,576,1081.954861111111,303.9925838207838,216.82465277777777,40.299514272182996,1.0,1438.0,1589.0833333333333,26.199645581027017,232.0,1025.388888888889,5.832312835905924,228.66666666666666,222.52777777777777,6.030807153328228,86.75,0
52,DRY,576,1080.515625,306.3022343758484,216.38888888888889,41.293682445097375,1.0,1438.0,1588.9444444444443,26.283014008991156,232.0,1025.3055555555557,6.364272798518953,228.61111111111111,221.80555555555554,6.10301772869991,86.08333333333333,0
53,DRY,576,1081.8993055555557,303.9886641244775,216.84895833333334,40.18459703907342,1.0,1438.0,1588.9722222222222,26.616306614137464,232.0,1025.3333333333333,5.908831163122341,228.63888888888889,222.58333333333334,5.28272116026796,87.19444444444444,0
54,DRY,576,1081.829861111111,304.07814158805854,216.75868055555554,40.496515980913706,1.0,1440.0,1588.861111111111,26.55899393294405,232.0,1025.0,5.80640040940045,228.63888888888889,221.69444444444446,6.273843408239571,86.91666666666667,0
55,DRY,576,1082.220486111111,304.12189453095453,216.80034722222223,40.36237848667567,1.0,1439.0,1589.361111111111,26.334282683309308,232.0,1025.888888888889,6.241692892055019,228.72222222222223,222.19444444444446,6.140355710703433,86.61111111111111,0
56,DRY,576,1081.78125,304.1819757491553,216.72916666666666,40.53114693082072,1.0,1440.0,1588.861111111111,26.427423827507862,232.0,1025.5277777777778,6.162031720190584,228.66666666666666,221.58333333333334,5.891276844381264,86.91666666666667,0
57,DRY,576,1081.9878472222222,304.2331232050313,216.83159722222223,40.343203529962665,1.0,1438.0,1589.2777777777778,26.250018896440665,232.0,1025.3333333333333,5.80640040940045,228.63888888888889,221.69444444444446,5.9513237156328485,86.52777777777777,0
58,DRY,576,1081.7621527777778,304.1548639688688,216.77604166666666,40.45226330570169,1.0,1439.0,1588.8055555555557,26.73982524191686,232.0,1025.1666666666667,6.045068828628599,228.69444444444446,221.77777777777777,5.652362899638199,86.02777777777777,0
59,DRY,576,1081.7621527777778,304.1548639688688,216.77604166666666,40.45226330570169,1.0,1439.0,1588.8055555555557,26.73982524191686,232.0,1025.1666666666667,6.045068828628599,228.69444444444446,221.77777777777777,5.652362899638199,86.02777777777777,0
60,DRY,576,1081.7621527777778,304.1548639688688,216.77604166666666,40.45226330570169,1.0,1439.0,1588.8055555555557,26.73982524191686,232.0,1025.1666666666667,6.045068828628599,228.69444444444446,221.77777777777777,5.652362899638199,86.02777777777777,0
61,DRY,576,1082.1163194444443,304.16357648714865,216.80555555555554,40.32438395509626,1.0,1439.0,1588.888888888889,26.53706602124419,232.0,1025.3055555555557,6.107697459269595,228.63888888888889,222.02777777777777,5.978466650577177,86.55555555555556,0
62,DRY,576,1082.3940972222222,304.057935873963,216.97222222222223,40.356388803805906,1.0,1441.0,1589.4166666666667,26.362717180572588,232.0,1025.861111111111,6.441618154194212,228.86111111111111,221.75,5.778655305765966,86.5,0
63,DRY,576,1082.2569444444443,304.13389084889207,217.03125,40.19746047940163,1.0,1442.0,1589.611111111111,26.410255343362117,232.02777777777777,1025.611111111111,6.114515646173586,228.86111111111111,222.11111111111111,5.381331634338304,87.22222222222223,0
64,DRY,576,1082.4027777777778,304.168740162897,217.03819444444446,40.21002068398668,1.0,1438.0,1589.5833333333333,26.069549834460677,232.02777777777777,1025.8333333333333,6.258708219067939,228.88888888888889,222.13888888888889,5.540256712864887,86.88888888888889,0
65,DRY,576,1082.4618055555557,304.0986258364691,217.00868055555554,40.268994754486286,1.0,1436.0,1589.5277777777778,26.53352177487523,232.0,1025.8333333333333,5.954590066255011,228.86111111111111,222.33333333333334,5.5549205986353085,86.97222222222223,0
66,DRY,576,1082.328125,304.0387087711145,216.98958333333334,40.275870255357475,1.0,1439.0,1589.388888888889,26.277940534413247,232.0,1025.8055555555557,6.409009036145668,228.86111111111111,222.16666666666666,5.65432830417801,86.75,0
67,DRY,576,1082.4409722222222,304.0464545356868,217.01736111111111,40.20105345126942,1.0,1439.0,1589.6944444444443,26.515568951568753,232.0,1025.638888888889,6.338782117265014,228.83333333333334,222.47222222222223,5.973685682635188,87.19444444444444,0
68,DRY,576,1082.498263888889,304.1214007364079,217.02083333333334,40.211328688083796,1.0,1438.0,1589.7222222222222,26.378141504024676,232.05555555555554,1025.5833333333333,6.447036971685963,228.94444444444446,222.27777777777777,5.547772325697745,87.11111111111111,0
69,DRY,576,1082.498263888889,304.1214007364079,217.02083333333334,40.211328688083796,1.0,1438.0,1589.7222222222222,26.378141504024676,232.05555555555554,1025.5833333333333,6.447036971685963,228.94444444444446,222.27777777777777,5.547772325697745,87.11111111111111,0
70,DRY,576,1082.517361111111,304.03341209612813,217.01041666666666,40.25250029975709,1.0,1437.0,1589.8333333333333,26.46777015811602,232.02777777777777,1025.9722222222222,6.11548905233313,228.88888888888889,222.61111111111111,5.010148431093365,86.86111111111111,0
71,DRY,576,1082.015625,304.14371163202406,216.81597222222223,40.26717398134208,1.0,1439.0,1589.4722222222222,26.436431692551107,232.0,1025.611111111111,5.68847344713238,228.63888888888889,221.97222222222223,5.882109005212871,86.86111111111111,0
72,DRY,576,1082.0625,304.1322633226373,216.69444444444446,40.68310422197159,1.0,1438.0,1589.0,26.267851073127396,232.0,1025.2777777777778,6.087979308727328,228.63888888888889,222.08333333333334,5.939576704494305,85.97222222222223,0
73,DRY,576,1081.8472222222222,304.2174402701235,216.84201388888889,40.29751817350854,1.0,1441.0,1589.361111111111,26.180857541098643,232.0,1024.6944444444443,6.186711309362741,228.63888888888889,221.91666666666666,6.053924347066125,86.86111111111111,0
74,DRY,576,1081.8472222222222,304.2174402701235,216.84201388888889,40.29751817350854,1.0,1441.0,1589.361111111111,26.180857541098643,232.0,1024.6944444444443,6.186711309362741,228.63888888888889,221.91666666666666,6.053924347066125,86.86111111111111,0
75,DRY,576,1082.0833333333333,304.0476422371994,216.86284722222223,40.2968189770744,1.0,1434.0,1589.1666666666667,25.918002568540214,232.0,1025.4444444444443,6.063683201508302,228.66666666666666,222.61111111111111,5.238744548500571,86.91666666666667,0
76,DRY,576,1081.8246527777778,304.04881646705735,216.73090277777777,40.55036498693793,1.0,1437.0,1588.6944444444443,26.365366291454016,232.0,1024.6666666666667,5.9521904731427595,228.58333333333334,222.19444444444446,4.903756253814559,86.94444444444444,0
77,DRY,576,1082.138888888889,304.10004661092285,216.72743055555554,40.51680478254479,1.0,1440.0,1589.388888888889,26.36261181270364,232.0,1025.611111111111,5.713531696284219,228.61111111111111,222.55555555555554,5.643931985235848,87.0,0
78,DRY,576,1080.6927083333333,306.1286851820261,216.4375,41.08544091111973,1.0,1438.0,1589.138888888889,26.445796617424076,232.0,1025.5,5.734606724590125,228.61111111111111,222.41666666666666,5.112310073314635,86.80555555555556,0
79,DRY,576,1082.1440972222222,303.93725663712513,216.84201388888889,40.2930804488235,1.0,1439.0,1588.5833333333333,26.63442991961452,232.0,1025.6944444444443,5.79072876955394,228.55555555555554,222.16666666666666,5.30498417932204,86.83333333333333,0
80,DRY,576,1082.095486111111,304.1697081704779,216.734375,40.57041973221702,1.0,1439.0,1589.0277777777778,26.51736478084945,232.0,1025.5,6.096837587752241,228.66666666666666,221.91666666666666,5.189962840494552,86.75,0
81,DRY,576,1081.9444444444443,304.16840816345695,216.72048611111111,40.61472088469246,1.0,1441.0,1589.1944444444443,26.057978700740666,232.0,1025.1666666666667,6.129553700835696,228.63888888888889,221.80555555555554,6.074863640771556,86.52777777777777,0
82,DRY,576,1081.8385416666667,304.03755817074443,216.71180555555554,40.62028091655656,1.0,1437.0,1588.6944444444443,25.9756143273367,232.0,1025.138888888889,6.507809716147769,228.63888888888889,221.94444444444446,5.466492447862677,86.52777777777777,0
83,DRY,576,1081.8993055555557,304.0432059932089,216.84722222222223,40.28127140020886,1.0,1439.0,1589.25,26.23451924468981,232.0,1025.0833333333333,5.973154227757008,228.66666666666666,222.25,5.389805191284746,86.83333333333333,0
84,DRY,576,1082.032986111111,304.1770785126191,216.71875,40.60690702870018,1.0,1441.0,1589.138888888889,26.24407718517813,232.0,1025.0833333333333,5.876709477736182,228.63888888888889,222.13888888888889,5.722900252633039,86.69444444444444,0
85,DRY,576,1081.875,304.0540059622084,216.74131944444446,40.504296252690686,1.0,1437.0,1589.0,26.289595986679924,232.0,1025.2222222222222,6.014796569941313,228.55555555555554,222.38888888888889,5.489094527347724,87.08333333333333,0
86,DRY,576,1081.7847222222222,304.2683771313494,216.83159722222223,40.33209934688076,1.0,1436.0,1588.9444444444443,26.072365714837886,232.0,1024.75,5.929948205025547,228.69444444444446,221.25,5.298921723197223,86.52777777777777,0
87,DRY,576,1080.4809027777778,306.10229371670744,216.43055555555554,41.1396508482216,1.0,1438.0,1588.5833333333333,26.13085204449768,232.0,1025.4722222222222,5.848008750780591,228.66666666666666,222.19444444444446,5.386859378919591,86.80555555555556,0
88,DRY,576,1082.15625,304.0832018403731,216.70833333333334,40.6094414651459,1.0,1441.0,1588.888888888889,26.338215340102057,232.0,1025.9166666666667,6.016049961798616,228.72222222222223,222.22222222222223,5.971891832869384,86.55555555555556,0
89,DRY,576,1082.15625,304.0832018403731,216.70833333333334,40.6094414651459,1.0,1441.0,1588.888888888889,26.338215340102057,232.0,1025.9166666666667,6.016049961798616,228.72222222222223,222.22222222222223,5.971891832869384,86.55555555555556,0
90,DRY,576,1082.142361111111,304.0288110159274,216.71875,40.675213358639354,1.0,1438.0,1589.111111111111,26.298047486216568,232.0,1025.3055555555557,5.883727897196978,228.61111111111111,222.47222222222223,5.090529644692394,86.44444444444444,0
91,DRY,576,1081.8472222222222,304.05256009091505,216.68402777777777,40.62845055977544,1.0,1437.0,1588.9722222222222,26.243351387799006,232.0,1025.0555555555557,5.874615826682722,228.58333333333334,221.91666666666666,6.082175362718273,86.52777777777777,0
92,DRY,576,1082.1180555555557,304.00247272678047,216.73784722222223,40.57219677218752,1.0,1436.0,1588.75,26.489216134656974,232.0,1025.861111111111,5.938507642149921,228.63888888888889,222.36111111111111,5.259835835448956,86.91666666666667,0
93,DRY,576,1082.045138888889,304.2769686600107,216.71006944444446,40.622298662265386,1.0,1439.0,1589.3333333333333,26.225396633252828,232.0,1025.2777777777778,5.84861942738192,228.66666666666666,221.61111111111111,5.866504326758228,86.69444444444444,0
94,DRY,576,1082.1770833333333,304.38627898763355,216.78125,40.44561758424308,1.0,1439.0,1589.1944444444443,26.552179834587108,232.0,1025.4722222222222,6.096772500318093,228.61111111111111,221.02777777777777,5.828433316135213,86.0,0
95,DRY,576,1081.8871527777778,304.2471972872899,216.72569444444446,40.555745665222226,1.0,1441.0,1589.6666666666667,26.24064459138587,232.0,1025.2777777777778,6.153331785585113,228.66666666666666,221.75,5.925128087825853,86.91666666666667,0
96,DRY,576,1081.921875,304.10609980424766,216.76388888888889,40.54750919037087,1.0,1439.0,1589.0,26.251530567623234,232.0,1025.3333333333333,6.131883886702357,228.69444444444446,221.86111111111111,5.637389354138911,86.86111111111111,0
97,DRY,576,1082.1371527777778,304.2052434581772,216.78298611111111,40.48511972145962,1.0,1437.0,1589.361111111111,26.00126675790764,232.0,1025.4722222222222,5.3638265185066265,228.63888888888889,221.97222222222223,5.63907850177725,86.0,0
98,DRY,576,1082.078125,304.16547797819953,216.72916666666666,40.565228464987925,1.0,1438.0,1589.4166666666667,26.502156246507298,232.0,1025.6944444444443,5.795660664642345,228.66666666666666,222.11111111111111,5.635488457865047,86.86111111111111,0
99,DRY,576,1082.0659722222222,304.0648216853682,216.72916666666666,40.54480867406661,1.0,1438.0,1589.1944444444443,26.478907448808,232.0,1025.4722222222222,5.469322815805635,228.63888888888889,221.94444444444446,5.79134548612691,86.83333333333333,0
100,DRY,576,1082.0729166666667,304.21589481054724,216.84895833333334,40.18282566074214,1.0,1439.0,1589.2777777777778,26.53473315283317,232.0,1025.5833333333333,6.058641997770032,228.66666666666666,221.91666666666666,5.763803307836638,87.30555555555556,0
101,DRY,576,1081.9305555555557,304.0810759205918,216.68402777777777,40.60036631470358,1.0,1437.0,1589.4166666666667,26.297609885962746,232.0,1025.3333333333333,5.845633290878634,228.69444444444446,222.33333333333334,5.63661499230066,86.58333333333333,0
102,DRY,576,1082.0989583333333,304.19726261465314,216.67534722222223,40.721153089115916,1.0,1437.0,1589.4444444444443,26.42665801739323,232.0,1025.7777777777778,5.938307171533995,228.69444444444446,221.86111111111111,5.188739333693288,86.0,0
103,DRY,576,1082.185763888889,304.13588064310227,216.73611111111111,40.573062716658164,1.0,1437.0,1589.138888888889,26.184131266068963,232.0,1025.3333333333333,5.932958789676531,228.66666666666666,222.38888888888889,5.2821953108141795,86.88888888888889,0
104,DRY,576,1082.248263888889,304.0126479295764,216.72569444444446,40.582320737757115,1.0,1439.0,1589.1944444444443,26.303524418324567,232.0,1025.75,6.039749285241187,228.69444444444446,222.38888888888889,5.683448539538939,86.72222222222223,0
105,DRY,576,1080.923611111111,306.32647752260056,216.50694444444446,40.82108600816253,1.0,1438.0,1589.4722222222222,26.233551157805657,232.0,1025.138888888889,5.962515182503714,228.58333333333334,221.97222222222223,5.954523423948319,86.97222222222223,0
106,DRY,576,1082.109375,304.26902989130895,216.75,40.538219277889134,1.0,1440.0,1589.0555555555557,26.329716448415624,232.0,1025.5277777777778,5.848008750780591,228.61111111111111,221.55555555555554,6.380525927469546,85.80555555555556,0
107,DRY,576,1082.2135416666667,304.1258326881982,216.73090277777777,40.55040780061408,1.0,1441.0,1589.2222222222222,26.238587844308466,232.0,1025.4722222222222,6.175926124239465,228.69444444444446,222.33333333333334,5.903993805649092,87.08333333333333,0
108,DRY,576,1081.857638888889,304.044673956134,216.68576388888889,40.66077747794449,1.0,1436.0,1588.6944444444443,26.267654682892466,232.0,1024.9722222222222,6.272325206178607,228.63888888888889,221.94444444444446,5.676741743764361,86.33333333333333,0
109,DRY,576,1082.2222222222222,304.1255496054869,216.79513888888889,40.37643673030429,1.0,1440.0,1589.3055555555557,26.151011392016883,232.0,1025.361111111111,6.05287548090175,228.58333333333334,222.27777777777777,5.764973602274397,86.5,0
110,DRY,576,1082.2222222222222,304.1255496054869,216.79513888888889,40.37643673030429,1.0,1440.0,1589.3055555555557,26.151011392016883,232.0,1025.361111111111,6.05287548090175,228.58333333333334,222.27777777777777,5.764973602274397,86.5,0
111,DRY,576,1081.8819444444443,304.2679510939097,216.67013888888889,40.77260208198963,1.0,1438.0,1589.111111111111,26.149873288715433,232.0,1025.0555555555557,5.942315298863829,228.61111111111111,221.41666666666666,5.643580423808985,85.97222222222223,0
112,DRY,576,1082.3993055555557,304.05617330897184,216.99305555555554,40.371107746302684,1.0,1438.0,1589.8333333333333,26.33357444133141,232.0,1025.6666666666667,6.2289646009589745,228.97222222222223,222.61111111111111,5.504687756956547,86.58333333333333,0
113,DRY,576,1082.388888888889,304.17694871002834,217.0,40.33380681540266,1.0,1439.0,1589.8055555555557,26.408677626270006,232.0,1025.638888888889,6.441618154194212,228.94444444444446,222.0,5.801477644285364,86.55555555555556,0
114,DRY,576,1082.3541666666667,304.01904451379903,217.01041666666666,40.26905901204147,1.0,1439.0,1589.861111111111,26.787153400493814,232.0,1025.5,5.992852886087369,228.77777777777777,222.61111111111111,5.145193472845882,87.0,0
115,DRY,576,1082.3125,304.1687892334616,217.08680555555554,40.06638717756059,1.0,1441.0,1590.0555555555557,26.381751749965836,232.0,1025.4444444444443,6.482699809909204,228.88888888888889,222.0,5.350567393143593,86.83333333333333,0
116,DRY,576,1082.2916666666667,304.2138690543217,216.85243055555554,40.75098960534114,1.0,1438.0,1589.9166666666667,26.28239497675746,232.05555555555554,1026.0277777777778,6.049727791331306,228.86111111111111,221.5,5.734606724590125,86.0,0
117,DRY,576,1081.0364583333333,306.2577726745359,216.56770833333334,41.16973165409858,1.0,1439.0,1589.9166666666667,26.298696328362524,232.0,1025.5,6.465291950097845,228.86111111111111,221.97222222222223,6.189789339185306,86.55555555555556,0
118,DRY,576,1082.4375,304.13323375048606,216.96180555555554,40.31880677888797,1.0,1436.0,1589.861111111111,26.257138107328103,232.0,1025.8333333333333,6.1759903774906535,228.80555555555554,222.36111111111111,5.071786260580771,86.80555555555556,0
119,DRY,576,1082.4375,304.13323375048606,216.96180555555554,40.31880677888797,1.0,1436.0,1589.861111111111,26.257138107328103,232.0,1025.8333333333333,6.1759903774906535,228.80555555555554,222.36111111111111,5.071786260580771,86.80555555555556,0
120,DRY,576,1082.2430555555557,304.022585658802,217.08506944444446,40.018199670353596,1.0,1439.0,1589.5,26.14629173379222,232.0,1025.6944444444443,6.022906011668855,228.72222222222223,222.58333333333334,5.714017850864661,86.86111111111111,0
121,DRY,576,1081.8871527777778,304.29830959740434,216.74479166666666,40.64363855288683,1.0,1441.0,1588.9166666666667,26.158172719056658,232.0,1025.3333333333333,6.0332412515993425,228.69444444444446,220.97222222222223,6.809598734186539,86.30555555555556,0
122,DRY,576,1082.123263888889,304.01132519641493,216.71875,40.58167427948715,1.0,1438.0,1588.6666666666667,26.229754097208,232.0,1025.3055555555557,6.074863640771557,228.61111111111111,222.55555555555554,5.484755207166468,86.72222222222223,0
123,DRY,576,1082.0868055555557,304.156511416438,216.76041666666666,40.54860204253861,1.0,1438.0,1589.0833333333333,26.283482048074006,232.0,1025.5555555555557,5.734329924458453,228.63888888888889,221.66666666666666,5.544624166060053,85.69444444444444,0
124,DRY,576,1082.1336805555557,304.31710522461077,216.69097222222223,40.66152189655071,1.0,1437.0,1589.25,26.011398600284014,232.0,1025.388888888889,5.773227756650409,228.55555555555554,221.36111111111111,5.74283542600332,86.5,0
125,DRY,576,1082.2621527777778,304.02493677114524,216.75,40.51294374778401,1.0,1436.0,1589.0277777777778,26.274905041134495,232.0,1025.388888888889,5.733499443883802,228.66666666666666,222.55555555555554,5.954323492552975,87.27777777777777,0
126,DRY,576,1082.1979166666667,304.0961774415269,216.82465277777777,40.31402968524444,1.0,1437.0,1589.2222222222222,26.30058240649121,232.0,1025.2222222222222,6.2386404705380265,228.61111111111111,222.27777777777777,5.251454824882128,86.86111111111111,0
127,DRY,576,1082.2604166666667,304.1894253400589,216.71180555555554,40.57717611835463,1.0,1440.0,1589.388888888889,26.055191725892477,232.0,1025.4722222222222,5.724564168618859,228.58333333333334,222.22222222222223,6.188058135801852,86.91666666666667,0
128,DRY,576,1081.9791666666667,304.21553189104264,216.68576388888889,40.735472087874825,1.0,1437.0,1589.388888888889,26.405927665450722,232.0,1025.2777777777778,5.799562107169872,228.66666666666666,221.80555555555554,6.018160347502713,86.19444444444444,0
129,DRY,576,1082.1979166666667,304.2427171977695,216.67534722222223,40.67883804219056,1.0,1439.0,1589.2777777777778,25.889447504021636,232.0,1025.5555555555557,5.674224651600023,228.58333333333334,221.83333333333334,5.511027905157855,86.41666666666667,0
130,DRY,576,1081.9722222222222,304.2377301562337,216.734375,40.59069832586768,1.0,1443.0,1589.5833333333333,26.557081380087148,232.0,1024.9166666666667,6.119640512317695,228.63888888888889,221.83333333333334,6.28149208844068,86.75,0
131,DRY,576,1082.1527777777778,304.0238493350582,216.72743055555554,40.570544840755254,1.0,1439.0,1588.9166666666667,26.501078145183882,232.0,1025.361111111111,5.914402652014719,228.61111111111111,222.69444444444446,5.746151230889592,86.86111111111111,0
132,DRY,576,1081.8680555555557,304.2242296337015,216.83680555555554,40.29015120646694,1.0,1440.0,1588.861111111111,26.27997910172878,232.0,1025.2222222222222,5.826594747295058,228.58333333333334,221.66666666666666,6.10386294547501,86.88888888888889,0
133,DRY,576,1082.0972222222222,304.2452482840037,216.72743055555554,40.59907734047604,1.0,1441.0,1589.2222222222222,26.541731142928338,232.0,1025.5833333333333,6.0868711174132795,228.58333333333334,221.69444444444446,5.564270941561986,86.58333333333333,0
134,DRY,576,1081.8940972222222,304.1224983340348,216.65104166666666,40.754576672421265,1.0,1438.0,1589.3333333333333,26.187237895040184,232.0,1024.9722222222222,6.171298132072429,228.63888888888889,222.08333333333334,5.608029957123981,86.11111111111111,0
135,DRY,576,1081.8940972222222,304.1224983340348,216.65104166666666,40.754576672421265,1.0,1438.0,1589.3333333333333,26.187237895040184,232.0,1024.9722222222222,6.171298132072429,228.63888888888889,222.08333333333334,5.608029957123981,86.11111111111111,0
136,DRY,576,1081.8229166666667,304.12980352391156,216.70659722222223,40.64970221059426,1.0,1440.0,1588.638888888889,26.40146400462106,232.0,1025.0555555555557,6.047169087122831,228.58333333333334,221.47222222222223,5.572822373479098,86.52777777777777,0
137,DRY,576,1082.0902777777778,304.2174424101772,216.79861111111111,40.279807779303695,1.0,1440.0,1589.2777777777778,26.099382708749605,232.0,1025.1666666666667,6.035608621222174,228.58333333333334,221.94444444444446,5.820871041565831,86.94444444444444,0
138,DRY,576,1082.1440972222222,304.2220241860859,216.66319444444446,40.74694645431827,1.0,1437.0,1589.1944444444443,26.209942981836324,232.0,1025.138888888889,6.302619762687249,228.61111111111111,221.30555555555554,6.070158597337092,86.16666666666667,0
139,DRY,576,1082.3003472222222,304.1258107262181,216.70659722222223,40.654912383635796,1.0,1438.0,1589.3055555555557,26.100705457838213,232.0,1025.3333333333333,5.742075284374855,228.58333333333334,222.16666666666666,6.007138610496205,86.41666666666667,0
140,DRY,576,1082.142361111111,304.2169545369858,216.67708333333334,40.70912097284765,1.0,1440.0,1589.361111111111,26.175400422946492,232.0,1025.2777777777778,6.1347306896815486,228.69444444444446,221.66666666666666,5.80640040940045,86.13888888888889,0
141,DRY,576,1082.109375,304.17261440924267,216.71527777777777,40.639106643868644,1.0,1438.0,1589.388888888889,26.667559508862638,232.0,1025.5,6.087457832062811,228.63888888888889,221.86111111111111,5.388627059585919,86.72222222222223,0
142,DRY,576,1082.263888888889,304.21016780506807,216.82986111111111,40.2716756333039,1.0,1438.0,1589.5277777777778,26.39966029122465,232.0,1025.388888888889,5.822506960200846,228.61111111111111,222.22222222222223,5.1885098940480905,86.94444444444444,0
143,DRY,576,1080.611111111111,306.36887967301567,216.49305555555554,40.88529797694496,1.0,1437.0,1589.25,26.383300995678525,232.0,1025.25,5.953990258641679,228.61111111111111,221.58333333333334,5.973154227757009,86.77777777777777,0
144,DRY,576,1082.0434027777778,304.2305752350765,216.73090277777777,40.56419145443009,1.0,1437.0,1588.8055555555557,26.290486540566015,232.0,1025.5277777777778,5.784146367991496,228.66666666666666,221.77777777777777,5.340471413708244,86.86111111111111,0
145,DRY,576,1082.001736111111,304.1696318299075,216.71006944444446,40.630717153208934,1.0,1439.0,1588.9166666666667,26.483822555342293,232.0,1025.3333333333333,5.874886017131372,228.63888888888889,221.77777777777777,6.080935600528735,86.58333333333333,0
146,DRY,576,1082.1319444444443,304.06114029107374,216.66493055555554,40.737309109309116,1.0,1438.0,1589.388888888889,26.378863592741148,232.0,1025.2777777777778,6.083284409457544,228.61111111111111,222.22222222222223,5.088424460681665,86.08333333333333,0
147,DRY,576,1082.21875,304.17454452555097,216.671875,40.72939544639497,1.0,1438.0,1589.0555555555557,26.202447480497963,232.0,1025.861111111111,6.024487068991388,228.66666666666666,222.05555555555554,6.310736630964473,86.08333333333333,0
148,DRY,576,1082.1475694444443,304.1551380708959,216.73611111111111,40.56779923629754,1.0,1438.0,1589.5277777777778,26.643129493480107,232.0,1025.4444444444443,6.308472509001319,228.72222222222223,222.05555555555554,5.344927873063767,86.86111111111111,0
149,DRY,576,1082.0694444444443,303.98908406886045,216.69618055555554,40.64044218469331,1.0,1439.0,1589.388888888889,26.188631969700985,232.0,1025.4722222222222,5.649202781233125,228.58333333333334,222.38888888888889,5.172884123845242,86.69444444444444,0
150,DRY,576,1081.9461805555557,304.1350649439611,216.75347222222223,40.47712387742139,1.0,1438.0,1589.0277777777778,26.3552500718397,232.0,1025.1944444444443,5.825164348114111,228.61111111111111,221.80555555555554,5.917622323894451,87.25,0
151,DRY,576,1081.967013888889,304.05319336923196,216.73090277777777,40.55640126918579,1.0,1443.0,1588.9166666666667,26.590411805761864,232.0,1025.0833333333333,5.7835974963685,228.61111111111111,221.91666666666666,6.077475979854983,86.91666666666667,0
152,DRY,576,1082.1336805555557,304.1709894287498,216.82291666666666,40.24633216336821,1.0,1438.0,1589.4722222222222,26.344406954376065,232.0,1025.5833333333333,5.7687582224055305,228.66666666666666,221.86111111111111,5.697883204829054,87.08333333333333,0
153,DRY,576,1081.953125,304.11724979385633,216.67708333333334,40.75553680645054,1.0,1439.0,1588.861111111111,26.335367612805168,232.0,1025.4166666666667,5.788535467382302,228.58333333333334,221.63888888888889,5.73785812590516,86.25,0
154,DRY,576,1082.2083333333333,303.8264507128663,216.6875,40.6574816727773,1.0,1438.0,1589.0555555555557,26.34707296775591,232.0,1025.5277777777778,5.8966630326511735,228.63888888888889,223.22222222222223,4.7815784071258385,86.69444444444444,0
155,DRY,576,1082.1440972222222,304.1899335847981,216.68576388888889,40.81726136220947,1.0,1439.0,1589.1944444444443,26.178311027527506,232.0,1025.5,5.896730328871126,228.66666666666666,221.75,5.818075283115543,85.61111111111111,0
156,DRY,576,1082.1614583333333,304.1938286513057,216.69270833333334,40.72601989921919,1.0,1439.0,1589.3055555555557,26.0667488733328,232.0,1025.4722222222222,6.110815288655312,228.66666666666666,221.69444444444446,5.423859692898958,86.13888888888889,0
157,DRY,576,1081.9965277777778,304.052883949394,216.77430555555554,40.417496978632244,1.0,1438.0,1589.25,26.73614460933791,232.0,1025.25,6.110295760903418,228.63888888888889,222.02777777777777,5.432632148737116,86.47222222222223,0
158,DRY,576,1081.9184027777778,304.18625840137264,216.71527777777777,40.67070731197299,1.0,1439.0,1589.4166666666667,26.014693650210177,232.0,1025.388888888889,5.778174589548293,228.61111111111111,221.88888888888889,5.960717971029893,86.38888888888889,0
159,DRY,576,1082.0381944444443,304.2061251795236,216.64930555555554,40.83272022758726,1.0,1437.0,1589.138888888889,26.385226145139608,232.0,1025.111111111111,6.241692892055019,228.58333333333334,221.61111111111111,5.504687756956547,85.72222222222223,0
160,DRY,576,1082.3350694444443,304.0489736102844,216.88368055555554,40.59430906075601,1.0,1440.0,1589.4444444444443,26.257455479424664,232.0,1025.8333333333333,6.063944967711083,228.83333333333334,222.52777777777777,5.764354064227645,86.88888888888889,0
161,DRY,576,1082.421875,303.87770659123885,216.91840277777777,40.49217956324671,1.0,1440.0,1589.6944444444443,26.23391419457367,232.0,1025.5277777777778,6.152751352553524,228.91666666666666,222.97222222222223,4.936662325968317,87.08333333333333,0
162,DRY,576,1082.4375,304.006298334563,216.93923611111111,40.458716812117764,1.0,1437.0,1589.8333333333333,25.991756935063634,232.0,1025.361111111111,6.379219736334879,228.88888888888889,222.58333333333334,5.266470761877852,87.55555555555556,0
163,DRY,576,1082.4375,304.006298334563,216.93923611111111,40.458716812117764,1.0,1437.0,1589.8333333333333,25.991756935063634,232.0,1025.361111111111,6.379219736334879,228.88888888888889,222.58333333333334,5.266470761877852,87.55555555555556,0
164,DRY,576,1081.142361111111,306.1486122602381,216.78125,40.55424260027481,1.0,1444.0,1589.6944444444443,26.433549509714727,232.0,1025.638888888889,6.608015815346769,228.97222222222223,222.13888888888889,5.909569855160007,87.08333333333333,0
165,DRY,576,1082.1510416666667,304.0595983342619,216.99305555555554,40.31167575001927,1.0,1440.0,1589.5,26.496900088231346,232.0,1025.3055555555557,6.084262812227458,228.80555555555554,222.08333333333334,6.147589539230571,86.86111111111111,0
166,DRY,576,1082.3090277777778,304.1258220094829,216.99479166666666,40.31652078085687,1.0,1441.0,1589.861111111111,26.256049945301346,232.11111111111111,1025.4166666666667,6.3217312276215685,228.83333333333334,222.08333333333334,5.432047759099956,86.86111111111111,0
167,DRY,576,1082.25,304.20366784077044,216.96006944444446,40.330451033316415,1.0,1441.0,1589.611111111111,26.1143395504985,232.0,1025.3333333333333,6.329071247595721,228.88888888888889,221.77777777777777,6.099700747278444,86.77777777777777,0
168,DRY,576,1082.1614583333333,304.04430182602215,217.00347222222223,40.22851378409357,1.0,1441.0,1589.861111111111,26.271280112133073,232.0,1025.111111111111,6.475350085528868,228.80555555555554,222.25,5.266470761877852,87.27777777777777,0
169,DRY,576,1082.3975694444443,304.08441797958227,216.86979166666666,40.68995308305285,1.0,1439.0,1589.6944444444443,26.29700628745675,232.0,1025.638888888889,6.5253474030245116,228.88888888888889,221.83333333333334,5.95459006625501,86.52777777777777,0
170,DRY,576,1080.842013888889,306.16895929798454,216.48090277777777,40.945589530043044,1.0,1436.0,1588.8333333333333,26.19105627063232,232.0,1025.1666666666667,5.8918830363717944,228.69444444444446,222.27777777777777,5.3644923131436935,86.5,0
171,DRY,576,1082.0434027777778,304.1092409116591,216.77951388888889,40.414798029480444,1.0,1437.0,1589.361111111111,25.974881028494522,232.0,1025.1944444444443,5.956122633508887,228.58333333333334,222.25,5.628372005169117,86.5,0
172,DRY,576,1081.8993055555557,304.12922189528064,216.69965277777777,40.610382838922874,1.0,1438.0,1589.3055555555557,26.537110882088385,232.0,1025.2222222222222,5.540041831255745,228.61111111111111,222.22222222222223,5.889996900853471,86.97222222222223,0
173,DRY,576,1082.1163194444443,304.1885357623316,216.75173611111111,40.57279761993423,1.0,1440.0,1589.5833333333333,26.233430144433214,232.0,1025.3055555555557,6.417918863594533,228.80555555555554,222.25,5.683937267171662,86.94444444444444,0
174,DRY,576,1081.9184027777778,304.0781925119553,216.71354166666666,40.70962839920111,1.0,1438.0,1589.0833333333333,26.18873803756111,232.0,1025.2777777777778,6.139386247180047,228.61111111111111,221.25,5.266470761877852,86.52777777777777,0
175,DRY,576,1081.7760416666667,304.19709353914766,216.79513888888889,40.33604128282297,1.0,1441.0,1589.0833333333333,26.105691771281275,231.97222222222223,1025.0555555555557,6.042442478924489,228.63888888888889,221.44444444444446,5.679257720333553,86.88888888888889,0
176,DRY,576,1082.0833333333333,303.9563942135999,216.72395833333334,40.63577014019979,1.0,1441.0,1588.9444444444443,26.41962954692638,232.0,1025.5833333333333,5.876709477736182,228.58333333333334,222.02777777777777,5.7395177055274855,86.86111111111111,0
177,DRY,576,1082.064236111111,304.0978079113689,216.72395833333334,40.57736757518404,1.0,1440.0,1589.0,26.29394281144288,232.0,1025.2777777777778,6.064468466220085,228.63888888888889,221.83333333333334,5.94498588247753,86.91666666666667,0
178,DRY,576,1082.064236111111,304.0978079113689,216.72395833333334,40.57736757518404,1.0,1440.0,1589.0,26.29394281144288,232.0,1025.2777777777778,6.064468466220085,228.63888888888889,221.83333333333334,5.94498588247753,86.91666666666667,0
179,DRY,576,1082.171875,304.16199763646773,216.69097222222223,40.60247223793844,1.0,1438.0,1589.361111111111,26.25822622426055,232.0,1025.388888888889,6.184209282070298,228.58333333333334,222.44444444444446,5.228736227778424,86.94444444444444,0
180,DRY,576,1082.265625,304.0191661749185,216.73090277777777,40.59255734349577,1.0,1438.0,1589.2777777777778,26.43980885073665,232.0,1025.361111111111,5.890199015690764,228.63888888888889,222.55555555555554,5.4638784991952605,86.94444444444444,0
181,DRY,576,1082.2916666666667,304.176777799979,216.80208333333334,40.24110144690031,1.0,1436.0,1589.638888888889,26.4717129650045,231.97222222222223,1025.5,6.194467577720347,228.69444444444446,222.33333333333334,5.408987230262506,87.25,0
182,DRY,576,1082.111111111111,304.0348940845239,216.76736111111111,40.48046567629378,1.0,1437.0,1588.9444444444443,26.155517794742874,232.0,1025.4166666666667,5.929948205025546,228.69444444444446,222.30555555555554,5.869141793893329,86.25,0
183,DRY,576,1081.9895833333333,304.06747794115216,216.90972222222223,40.13002533336071,1.0,1439.0,1589.0555555555557,26.296055591714506,232.0,1025.361111111111,6.123270730944733,228.66666666666666,222.27777777777777,5.964711038916954,86.52777777777777,0
184,DRY,576,1081.9947916666667,304.2072261324615,216.67708333333334,40.70366182467494,1.0,1438.0,1589.2777777777778,26.07747918482384,232.0,1025.1666666666667,6.035608621222174,228.63888888888889,221.83333333333334,5.9257308168938705,86.63888888888889,0
185,DRY,576,1081.9427083333333,304.1377415167134,216.65972222222223,40.73438916976601,1.0,1436.0,1589.0833333333333,26.166909310370283,232.0,1025.3055555555557,5.878869883839165,228.58333333333334,221.97222222222223,6.313188513449381,86.19444444444444,0
186,DRY,576,1081.9166666666667,304.2792200430388,216.67881944444446,40.687912431712846,1.0,1441.0,1589.2222222222222,26.24403182343,232.0,1025.1666666666667,6.120224085533376,228.69444444444446,221.44444444444446,6.203429670959418,86.44444444444444,0
187,DRY,576,1081.8489583333333,304.27072380853616,216.70486111111111,40.66260708880442,1.0,1439.0,1589.111111111111,26.29261469123197,232.0,1025.0,5.966573556070519,228.58333333333334,221.58333333333334,5.768758222405532,86.44444444444444,0
188,DRY,576,1081.7881944444443,304.1434356417416,216.69444444444446,40.651812139767074,1.0,1437.0,1588.8055555555557,26.082089579353052,232.0,1025.2222222222222,6.019544886029229,228.66666666666666,221.44444444444446,5.495163818925274,86.58333333333333,0
189,DRY,576,1081.9878472222222,304.24928362844355,216.72048611111111,40.60505917147827,1.0,1441.0,1589.3333333333333,26.349301969610398,232.0,1025.1944444444443,6.163577089619513,228.63888888888889,221.75,6.170783696466068,86.94444444444444,0
190,DRY,576,1081.9461805555557,303.97201343329226,216.78645833333334,40.373919283244355,1.0,1439.0,1589.0277777777778,26.248794378965414,232.0,1024.8333333333333,6.101522058353262,228.55555555555554,222.69444444444446,5.731215001797211,86.72222222222223,0
191,DRY,576,1081.9253472222222,304.23070612934976,216.65972222222223,40.80141834313764,1.0,1438.0,1589.0,26.32435048717116,232.0,1025.138888888889,5.846379967993761,228.63888888888889,221.36111111111111,6.014994491282492,86.11111111111111,0
192,DRY,576,1082.0069444444443,304.21626870734434,216.61979166666666,40.846378323895735,1.0,1438.0,1589.3055555555557,26.358863453109702,232.0,1024.861111111111,6.160485963102854,228.52777777777777,221.72222222222223,6.11607302166588,85.80555555555556,0
193,DRY,576,1081.9270833333333,304.2412606520682,216.71701388888889,40.62418531798277,1.0,1438.0,1589.2777777777778,26.365140525334485,232.0,1025.25,5.778655305765966,228.52777777777777,221.97222222222223,5.79401716606319,86.83333333333333,0
194,DRY,576,1081.9305555555557,304.37125888136137,216.66666666666666,40.67435036700375,1.0,1439.0,1589.4166666666667,26.149433208826096,231.97222222222223,1025.0277777777778,5.930483531773352,228.55555555555554,221.08333333333334,5.9827131924284265,86.52777777777777,0
195,DRY,576,1081.9166666666667,304.31195160375955,216.72048611111111,40.62634609444859,1.0,1442.0,1589.138888888889,26.265841780617738,232.0,1025.0555555555557,5.850247586675015,228.55555555555554,221.25,5.783597496368502,86.66666666666667,0
196,DRY,576,1081.9895833333333,304.19075229267236,216.82465277777777,40.230915289343415,1.0,1441.0,1589.2222222222222,26.16334525477648,232.0,1024.8333333333333,6.1248906695781695,228.55555555555554,221.75,6.119640512317697,87.30555555555556,0
197,DRY,576,1081.9583333333333,304.04715403206785,216.83159722222223,40.33351981987181,1.0,1439.0,1588.861111111111,26.308230952935926,232.0,1024.75,6.235268352570836,228.66666666666666,222.05555555555554,5.751742317119195,86.86111111111111,0
198,DRY,576,1081.9583333333333,304.04715403206785,216.83159722222223,40.33351981987181,1.0,1439.0,1588.861111111111,26.308230952935926,232.0,1024.75,6.235268352570836,228.66666666666666,222.05555555555554,5.751742317119195,86.86111111111111,0
